year,baptisms,funerals,population,cbr_26par,cdr_26par,source
1541,132,24,2830458.0,0.046635562159904866,0.008479193119982702,CamPOP 26 family reconstitutions (UKDS SN 854465); pop from BoE Millennium
1542,107,29,2867727.0,0.03731178037518913,0.010112538606359672,CamPOP 26 family reconstitutions (UKDS SN 854465); pop from BoE Millennium
1543,143,22,2884360.9999999995,0.04957770542591584,0.007627339296294743,CamPOP 26 family reconstitutions (UKDS SN 854465); pop from BoE Millennium
1544,146,32,2916003.0000000005,0.050068535594785045,0.0109739256098159,CamPOP 26 family reconstitutions (UKDS SN 854465); pop from BoE Millennium
1545,141,22,2911613.0,0.048426765507641294,0.0075559492281426135,CamPOP 26 family reconstitutions (UKDS SN 854465); pop from BoE Millennium
1546,128,36,2908466.0,0.044009453780790284,0.012377658875847268,CamPOP 26 family reconstitutions (UKDS SN 854465); pop from BoE Millennium
1547,154,28,2910440.0,0.052912961614051485,0.009620538475282088,CamPOP 26 family reconstitutions (UKDS SN 854465); pop from BoE Millennium
1548,170,27,2951902.9999999995,0.05758996823405106,0.009146642013643404,CamPOP 26 family reconstitutions (UKDS SN 854465); pop from BoE Millennium
1549,165,29,2981179.9999999995,0.055347211506853,0.009727691719386285,CamPOP 26 family reconstitutions (UKDS SN 854465); pop from BoE Millennium
1550,180,24,3020841.0,0.05958605567125182,0.007944807422833575,CamPOP 26 family reconstitutions (UKDS SN 854465); pop from BoE Millennium
1551,145,26,3065168.0000000005,0.0473057267986616,0.008482406184587597,CamPOP 26 family reconstitutions (UKDS SN 854465); pop from BoE Millennium
1552,156,44,3087215.0,0.050530980187644854,0.014252327745233164,CamPOP 26 family reconstitutions (UKDS SN 854465); pop from BoE Millennium
1553,157,23,3110592.0,0.050472707446042424,0.007394090899738699,CamPOP 26 family reconstitutions (UKDS SN 854465); pop from BoE Millennium
1554,139,23,3137961.0,0.04429628029156513,0.007329600336014374,CamPOP 26 family reconstitutions (UKDS SN 854465); pop from BoE Millennium
1555,145,25,3161626.0,0.04586247709248342,0.007907323636635074,CamPOP 26 family reconstitutions (UKDS SN 854465); pop from BoE Millennium
1556,129,36,3212505.0,0.04015557952438985,0.011206208239364608,CamPOP 26 family reconstitutions (UKDS SN 854465); pop from BoE Millennium
1557,118,59,3204974.0,0.03681777137661647,0.018408885688308237,CamPOP 26 family reconstitutions (UKDS SN 854465); pop from BoE Millennium
1558,226,102,3133757.0,0.07211790831261007,0.032548790477372684,CamPOP 26 family reconstitutions (UKDS SN 854465); pop from BoE Millennium
1559,227,86,3036742.0000000005,0.07475116424115054,0.02831982433805703,CamPOP 26 family reconstitutions (UKDS SN 854465); pop from BoE Millennium
1560,344,66,3015219.0,0.11408789875627608,0.021888957319518086,CamPOP 26 family reconstitutions (UKDS SN 854465); pop from BoE Millennium
1561,478,101,3035688.0,0.15746018694938346,0.03327087632194086,CamPOP 26 family reconstitutions (UKDS SN 854465); pop from BoE Millennium
1562,557,101,3069343.0,0.18147206095897395,0.032906064913566194,CamPOP 26 family reconstitutions (UKDS SN 854465); pop from BoE Millennium
1563,521,174,3099545.9999999995,0.1680891330536795,0.05613725364940544,CamPOP 26 family reconstitutions (UKDS SN 854465); pop from BoE Millennium
1564,560,164,3110706.9999999995,0.18002338375166804,0.0527211338129885,CamPOP 26 family reconstitutions (UKDS SN 854465); pop from BoE Millennium
1565,651,193,3149204.0,0.20671890420563419,0.06128532797494224,CamPOP 26 family reconstitutions (UKDS SN 854465); pop from BoE Millennium
1566,521,166,3173513.0,0.16417137727181202,0.05230796281597082,CamPOP 26 family reconstitutions (UKDS SN 854465); pop from BoE Millennium
1567,599,188,3208378.0,0.18669869946745676,0.058596586811155045,CamPOP 26 family reconstitutions (UKDS SN 854465); pop from BoE Millennium
1568,632,152,3252344.9999999995,0.19432132814938147,0.046735509301749974,CamPOP 26 family reconstitutions (UKDS SN 854465); pop from BoE Millennium
1569,550,186,3274741.0,0.16795221362544396,0.05679838497151378,CamPOP 26 family reconstitutions (UKDS SN 854465); pop from BoE Millennium
1570,582,219,3296204.0000000005,0.17656674162157437,0.06644006256894293,CamPOP 26 family reconstitutions (UKDS SN 854465); pop from BoE Millennium
1571,514,235,3310219.0,0.15527673546674706,0.07099228177954389,CamPOP 26 family reconstitutions (UKDS SN 854465); pop from BoE Millennium
1572,629,212,3341349.0,0.18824732166559074,0.06344742796996064,CamPOP 26 family reconstitutions (UKDS SN 854465); pop from BoE Millennium
1573,566,207,3360591.0,0.16842275659251602,0.061596308506450204,CamPOP 26 family reconstitutions (UKDS SN 854465); pop from BoE Millennium
1574,619,244,3380804.0,0.1830925424839772,0.0721721815284175,CamPOP 26 family reconstitutions (UKDS SN 854465); pop from BoE Millennium
1575,678,197,3413301.0,0.19863469409817652,0.05771539046805424,CamPOP 26 family reconstitutions (UKDS SN 854465); pop from BoE Millennium
1576,699,201,3447945.0000000005,0.2027294518909089,0.05829559346219269,CamPOP 26 family reconstitutions (UKDS SN 854465); pop from BoE Millennium
1577,614,222,3490202.0,0.1759210498418143,0.06360663365616087,CamPOP 26 family reconstitutions (UKDS SN 854465); pop from BoE Millennium
1578,624,189,3527355.0,0.17690309027585827,0.05358122445855322,CamPOP 26 family reconstitutions (UKDS SN 854465); pop from BoE Millennium
1579,674,223,3560316.0,0.18930903886059552,0.0626348897120368,CamPOP 26 family reconstitutions (UKDS SN 854465); pop from BoE Millennium
1580,674,268,3602085.0,0.18711385211620493,0.07440135366044943,CamPOP 26 family reconstitutions (UKDS SN 854465); pop from BoE Millennium
1581,688,206,3631440.999999999,0.1894564719625075,0.05672679247714614,CamPOP 26 family reconstitutions (UKDS SN 854465); pop from BoE Millennium
1582,715,248,3671239.0,0.19475713784910217,0.0675521261350732,CamPOP 26 family reconstitutions (UKDS SN 854465); pop from BoE Millennium
1583,709,240,3721513.0,0.1905139119492529,0.06448989967252566,CamPOP 26 family reconstitutions (UKDS SN 854465); pop from BoE Millennium
1584,750,282,3768244.0,0.1990316975227719,0.07483591826856223,CamPOP 26 family reconstitutions (UKDS SN 854465); pop from BoE Millennium
1585,667,350,3797796.0,0.17562818013395137,0.09215871521271811,CamPOP 26 family reconstitutions (UKDS SN 854465); pop from BoE Millennium
1586,816,228,3840647.0,0.21246420199513258,0.059364997616287045,CamPOP 26 family reconstitutions (UKDS SN 854465); pop from BoE Millennium
1587,616,358,3859383.0,0.15961100517880708,0.09276094132144957,CamPOP 26 family reconstitutions (UKDS SN 854465); pop from BoE Millennium
1588,774,482,3846636.0,0.20121477571571628,0.12530429185397318,CamPOP 26 family reconstitutions (UKDS SN 854465); pop from BoE Millennium
1589,894,357,3885426.0,0.23009060010408125,0.09188181682008614,CamPOP 26 family reconstitutions (UKDS SN 854465); pop from BoE Millennium
1590,791,336,3934260.0,0.2010543278786862,0.08540360830245078,CamPOP 26 family reconstitutions (UKDS SN 854465); pop from BoE Millennium
1591,676,410,3937845.0,0.171667498339828,0.10411786141912645,CamPOP 26 family reconstitutions (UKDS SN 854465); pop from BoE Millennium
1592,820,449,3945029.0,0.2078565201928807,0.11381411898366273,CamPOP 26 family reconstitutions (UKDS SN 854465); pop from BoE Millennium
1593,769,401,3943129.0,0.195022785204339,0.10169588669302983,CamPOP 26 family reconstitutions (UKDS SN 854465); pop from BoE Millennium
1594,750,277,3979088.000000001,0.1884854016799829,0.06961394168714036,CamPOP 26 family reconstitutions (UKDS SN 854465); pop from BoE Millennium
1595,752,325,4028222.999999999,0.18668281274398169,0.08068073689068357,CamPOP 26 family reconstitutions (UKDS SN 854465); pop from BoE Millennium
1596,735,415,4056574.000000001,0.18118737634269702,0.10230307643839355,CamPOP 26 family reconstitutions (UKDS SN 854465); pop from BoE Millennium
1597,617,483,4054782.999999999,0.15216597287697026,0.1191185816848892,CamPOP 26 family reconstitutions (UKDS SN 854465); pop from BoE Millennium
1598,668,376,4028631.0,0.16581315091900947,0.09333195321189754,CamPOP 26 family reconstitutions (UKDS SN 854465); pop from BoE Millennium
1599,824,355,4065427.000000001,0.2026847364372795,0.0873217007709153,CamPOP 26 family reconstitutions (UKDS SN 854465); pop from BoE Millennium
1600,817,360,4114890.999999999,0.19854717901397637,0.08748712906368603,CamPOP 26 family reconstitutions (UKDS SN 854465); pop from BoE Millennium
1601,882,370,4161785.0,0.21192829519064535,0.08890416011398955,CamPOP 26 family reconstitutions (UKDS SN 854465); pop from BoE Millennium
1602,858,487,4187654.999999999,0.20488793847630718,0.11629420284144709,CamPOP 26 family reconstitutions (UKDS SN 854465); pop from BoE Millennium
1603,952,934,4209409.0,0.2261600143868177,0.22188387966101655,CamPOP 26 family reconstitutions (UKDS SN 854465); pop from BoE Millennium
1604,957,451,4219476.999999999,0.2268053600007774,0.10688528459806751,CamPOP 26 family reconstitutions (UKDS SN 854465); pop from BoE Millennium
1605,990,414,4270233.0,0.23183746648016632,0.09695021325534227,CamPOP 26 family reconstitutions (UKDS SN 854465); pop from BoE Millennium
1606,930,421,4310420.0,0.21575623721122303,0.09767029663002677,CamPOP 26 family reconstitutions (UKDS SN 854465); pop from BoE Millennium
1607,1023,436,4361009.0,0.23457874083726954,0.09997686315254108,CamPOP 26 family reconstitutions (UKDS SN 854465); pop from BoE Millennium
1608,940,430,4398228.000000001,0.21372243548992909,0.09776664602198884,CamPOP 26 family reconstitutions (UKDS SN 854465); pop from BoE Millennium
1609,919,416,4435392.0,0.2071970188880712,0.09379103357719001,CamPOP 26 family reconstitutions (UKDS SN 854465); pop from BoE Millennium
1610,980,646,4449135.0,0.22026753515009098,0.14519676296628445,CamPOP 26 family reconstitutions (UKDS SN 854465); pop from BoE Millennium
1611,978,475,4476310.000000001,0.21848352772707874,0.10611418780200654,CamPOP 26 family reconstitutions (UKDS SN 854465); pop from BoE Millennium
1612,1005,498,4498310.0,0.2234172389186161,0.11070824376265753,CamPOP 26 family reconstitutions (UKDS SN 854465); pop from BoE Millennium
1613,876,512,4518285.0,0.19387887218269764,0.11331733168669085,CamPOP 26 family reconstitutions (UKDS SN 854465); pop from BoE Millennium
1614,909,511,4518328.0,0.20118061371374543,0.11309493246174249,CamPOP 26 family reconstitutions (UKDS SN 854465); pop from BoE Millennium
1615,936,493,4553109.999999999,0.2055737726520994,0.10827763880073182,CamPOP 26 family reconstitutions (UKDS SN 854465); pop from BoE Millennium
1616,911,613,4568412.0,0.19941283754617578,0.13418229354095035,CamPOP 26 family reconstitutions (UKDS SN 854465); pop from BoE Millennium
1617,893,605,4573625.0,0.1952499385061084,0.13228019350077894,CamPOP 26 family reconstitutions (UKDS SN 854465); pop from BoE Millennium
1618,882,526,4602855.0,0.19162020094050322,0.11427689988061758,CamPOP 26 family reconstitutions (UKDS SN 854465); pop from BoE Millennium
1619,919,462,4645663.0,0.1978189119615435,0.09944759230275635,CamPOP 26 family reconstitutions (UKDS SN 854465); pop from BoE Millennium
1620,1035,533,4688689.999999999,0.2207439604665696,0.11367780766056193,CamPOP 26 family reconstitutions (UKDS SN 854465); pop from BoE Millennium
1621,979,453,4744972.0,0.20632366218388642,0.09546947800745716,CamPOP 26 family reconstitutions (UKDS SN 854465); pop from BoE Millennium
1622,938,452,4829012.0,0.19424263182613752,0.09360092706334132,CamPOP 26 family reconstitutions (UKDS SN 854465); pop from BoE Millennium
1623,855,605,4859479.0,0.17594478749676662,0.12449894319946644,CamPOP 26 family reconstitutions (UKDS SN 854465); pop from BoE Millennium
1624,847,545,4829546.000000001,0.1753788037219233,0.11284704607845124,CamPOP 26 family reconstitutions (UKDS SN 854465); pop from BoE Millennium
1625,930,683,4821584.0,0.19288267092308253,0.14165469273168318,CamPOP 26 family reconstitutions (UKDS SN 854465); pop from BoE Millennium
1626,845,503,4761953.999999999,0.177448165185972,0.1056289077970934,CamPOP 26 family reconstitutions (UKDS SN 854465); pop from BoE Millennium
1627,836,509,4796562.0,0.17429150295565865,0.10611767345027542,CamPOP 26 family reconstitutions (UKDS SN 854465); pop from BoE Millennium
1628,913,579,4896191.0,0.18647148364922855,0.11825519061654254,CamPOP 26 family reconstitutions (UKDS SN 854465); pop from BoE Millennium
1629,1015,544,4973912.0,0.20406472812546744,0.10937065231552147,CamPOP 26 family reconstitutions (UKDS SN 854465); pop from BoE Millennium
1630,945,511,4959428.0,0.19054616782419262,0.10303607593456342,CamPOP 26 family reconstitutions (UKDS SN 854465); pop from BoE Millennium
1631,889,624,4926322.0,0.1804591742074513,0.1266665069802583,CamPOP 26 family reconstitutions (UKDS SN 854465); pop from BoE Millennium
1632,953,571,4989043.0,0.19101859815599906,0.11445080749955452,CamPOP 26 family reconstitutions (UKDS SN 854465); pop from BoE Millennium
1633,1042,538,5114408.0,0.20373814525552125,0.10519301549661271,CamPOP 26 family reconstitutions (UKDS SN 854465); pop from BoE Millennium
1634,1036,498,5176634.0,0.20013004589468755,0.09620150854783244,CamPOP 26 family reconstitutions (UKDS SN 854465); pop from BoE Millennium
1635,980,732,5199885.0,0.1884657064531235,0.14077234400376162,CamPOP 26 family reconstitutions (UKDS SN 854465); pop from BoE Millennium
1636,1096,640,5089826.0,0.21533152606788522,0.12574103711993298,CamPOP 26 family reconstitutions (UKDS SN 854465); pop from BoE Millennium
1637,1068,632,5195850.0,0.2055486590259534,0.12163553605281138,CamPOP 26 family reconstitutions (UKDS SN 854465); pop from BoE Millennium
1638,978,757,5163125.0,0.18942016704999395,0.1466166323689626,CamPOP 26 family reconstitutions (UKDS SN 854465); pop from BoE Millennium
1639,844,734,5207413.0,0.1620766395905222,0.14095290694246837,CamPOP 26 family reconstitutions (UKDS SN 854465); pop from BoE Millennium
1640,1116,728,5209280.0,0.21423306099883285,0.13975059893113828,CamPOP 26 family reconstitutions (UKDS SN 854465); pop from BoE Millennium
1641,1018,665,5130122.999999999,0.1984357879918279,0.12962652162531,CamPOP 26 family reconstitutions (UKDS SN 854465); pop from BoE Millennium
1642,967,684,5192783.0,0.1862199903211823,0.13172127547020548,CamPOP 26 family reconstitutions (UKDS SN 854465); pop from BoE Millennium
1643,980,943,5268977.0,0.18599435905679604,0.17897212305159046,CamPOP 26 family reconstitutions (UKDS SN 854465); pop from BoE Millennium
1644,831,830,5217877.000000001,0.15926017420494962,0.15906852537919156,CamPOP 26 family reconstitutions (UKDS SN 854465); pop from BoE Millennium
1645,875,595,5247014.0,0.16676151426315997,0.11339782969894878,CamPOP 26 family reconstitutions (UKDS SN 854465); pop from BoE Millennium
1646,959,749,5231240.0,0.18332173633784724,0.14317829042445004,CamPOP 26 family reconstitutions (UKDS SN 854465); pop from BoE Millennium
1647,925,469,5315683.0,0.174013386426542,0.0882294899827548,CamPOP 26 family reconstitutions (UKDS SN 854465); pop from BoE Millennium
1648,776,458,5309168.0,0.14616226120552223,0.08626587065996028,CamPOP 26 family reconstitutions (UKDS SN 854465); pop from BoE Millennium
1649,855,546,5315384.0,0.16085385364444035,0.10272070653785315,CamPOP 26 family reconstitutions (UKDS SN 854465); pop from BoE Millennium
1650,717,441,5312343.0,0.13496869460424524,0.08301421802018431,CamPOP 26 family reconstitutions (UKDS SN 854465); pop from BoE Millennium
1651,865,542,5307978.0,0.16296224287289812,0.10211044582324946,CamPOP 26 family reconstitutions (UKDS SN 854465); pop from BoE Millennium
1652,737,489,5391294.0,0.13670187528263159,0.09070178699213954,CamPOP 26 family reconstitutions (UKDS SN 854465); pop from BoE Millennium
1653,761,607,5385707.999999999,0.14129989966036038,0.11270570183158836,CamPOP 26 family reconstitutions (UKDS SN 854465); pop from BoE Millennium
1654,704,602,5313194.999999999,0.13250031290024178,0.11330282438344538,CamPOP 26 family reconstitutions (UKDS SN 854465); pop from BoE Millennium
1655,713,515,5397694.0,0.1320934458307566,0.0954111144499855,CamPOP 26 family reconstitutions (UKDS SN 854465); pop from BoE Millennium
1656,801,625,5390765.0,0.14858744538112864,0.11593901793159227,CamPOP 26 family reconstitutions (UKDS SN 854465); pop from BoE Millennium
1657,641,793,5394992.0,0.11881389258779253,0.14698816976929716,CamPOP 26 family reconstitutions (UKDS SN 854465); pop from BoE Millennium
1658,608,941,5320309.0,0.11427907664761577,0.1768694261931027,CamPOP 26 family reconstitutions (UKDS SN 854465); pop from BoE Millennium
1659,555,759,5266505.0,0.10538298169279246,0.1441183479366297,CamPOP 26 family reconstitutions (UKDS SN 854465); pop from BoE Millennium
1660,701,595,5245768.0,0.13363152926320798,0.11342476449587553,CamPOP 26 family reconstitutions (UKDS SN 854465); pop from BoE Millennium
1661,778,647,5279736.0,0.1473558526411169,0.1225440059881782,CamPOP 26 family reconstitutions (UKDS SN 854465); pop from BoE Millennium
1662,798,664,5204667.000000001,0.15332393023415328,0.12757780661087442,CamPOP 26 family reconstitutions (UKDS SN 854465); pop from BoE Millennium
1663,972,619,5169274.000000001,0.18803414173827887,0.11974602236213439,CamPOP 26 family reconstitutions (UKDS SN 854465); pop from BoE Millennium
1664,1072,617,5244883.0,0.2043896880063864,0.1176384678171086,CamPOP 26 family reconstitutions (UKDS SN 854465); pop from BoE Millennium
1665,957,667,5184322.0,0.18459501551022486,0.12865713202227794,CamPOP 26 family reconstitutions (UKDS SN 854465); pop from BoE Millennium
1666,1018,740,5229235.0,0.19467474687980174,0.14151209498138828,CamPOP 26 family reconstitutions (UKDS SN 854465); pop from BoE Millennium
1667,1021,713,5106405.0,0.1999449710706456,0.13962856451848218,CamPOP 26 family reconstitutions (UKDS SN 854465); pop from BoE Millennium
1668,949,697,5205223.0,0.18231687672170818,0.13390396530561707,CamPOP 26 family reconstitutions (UKDS SN 854465); pop from BoE Millennium
1669,1046,829,5200470.0,0.20113566658398183,0.1594086688318556,CamPOP 26 family reconstitutions (UKDS SN 854465); pop from BoE Millennium
1670,948,952,5193358.0,0.182540853143573,0.18331106771379904,CamPOP 26 family reconstitutions (UKDS SN 854465); pop from BoE Millennium
1671,913,774,5158922.0,0.176974957171285,0.15003134375747493,CamPOP 26 family reconstitutions (UKDS SN 854465); pop from BoE Millennium
1672,1122,656,5140881.999999999,0.2182504869786936,0.12760456279681193,CamPOP 26 family reconstitutions (UKDS SN 854465); pop from BoE Millennium
1673,1031,610,5171863.0,0.19934789455946533,0.11794589299832575,CamPOP 26 family reconstitutions (UKDS SN 854465); pop from BoE Millennium
1674,1016,571,5186973.0,0.1958753207313784,0.11008347257639475,CamPOP 26 family reconstitutions (UKDS SN 854465); pop from BoE Millennium
1675,968,678,5187052.0,0.18661852628429404,0.13071008349251173,CamPOP 26 family reconstitutions (UKDS SN 854465); pop from BoE Millennium
1676,1090,665,5184564.0,0.2102394724030796,0.12826536619086967,CamPOP 26 family reconstitutions (UKDS SN 854465); pop from BoE Millennium
1677,1053,595,5193060.999999999,0.20277058174359983,0.11457596974116038,CamPOP 26 family reconstitutions (UKDS SN 854465); pop from BoE Millennium
1678,1023,771,5209648.000000001,0.19636643397020295,0.1479946437839946,CamPOP 26 family reconstitutions (UKDS SN 854465); pop from BoE Millennium
1679,949,874,5194269.0,0.18270135797741704,0.16826236762092991,CamPOP 26 family reconstitutions (UKDS SN 854465); pop from BoE Millennium
1680,1010,854,5166785.0,0.19547939385904387,0.16528653698576581,CamPOP 26 family reconstitutions (UKDS SN 854465); pop from BoE Millennium
1681,1188,994,5109031.0,0.2325294170264381,0.19455744151875376,CamPOP 26 family reconstitutions (UKDS SN 854465); pop from BoE Millennium
1682,1163,905,4962352.0,0.23436467223606872,0.18237319722583162,CamPOP 26 family reconstitutions (UKDS SN 854465); pop from BoE Millennium
1683,1191,820,4950841.000000001,0.24056518882347458,0.16562842555436538,CamPOP 26 family reconstitutions (UKDS SN 854465); pop from BoE Millennium
1684,1208,919,4943877.000000001,0.24434264849226625,0.1858865016261529,CamPOP 26 family reconstitutions (UKDS SN 854465); pop from BoE Millennium
1685,1074,863,5012077.000000001,0.2142824222373279,0.1721841065091378,CamPOP 26 family reconstitutions (UKDS SN 854465); pop from BoE Millennium
1686,1180,833,5036096.0,0.23430848021959869,0.1654059017143438,CamPOP 26 family reconstitutions (UKDS SN 854465); pop from BoE Millennium
1687,1147,703,4978729.0,0.23038008294888113,0.14120069600092713,CamPOP 26 family reconstitutions (UKDS SN 854465); pop from BoE Millennium
1688,1139,778,4945834.0,0.2302948299518342,0.157304106850331,CamPOP 26 family reconstitutions (UKDS SN 854465); pop from BoE Millennium
1689,1149,892,5042935.000000001,0.22784350779853393,0.17688112180704288,CamPOP 26 family reconstitutions (UKDS SN 854465); pop from BoE Millennium
1690,1090,758,5039295.0,0.21630009753348434,0.15041786599117535,CamPOP 26 family reconstitutions (UKDS SN 854465); pop from BoE Millennium
1691,995,687,5093750.0,0.19533742331288342,0.1348711656441718,CamPOP 26 family reconstitutions (UKDS SN 854465); pop from BoE Millennium
1692,1062,622,5097574.0,0.2083343959302994,0.12201882699495878,CamPOP 26 family reconstitutions (UKDS SN 854465); pop from BoE Millennium
1693,976,749,5121314.0,0.19057609043304122,0.14625152841634004,CamPOP 26 family reconstitutions (UKDS SN 854465); pop from BoE Millennium
1694,883,700,5109576.0,0.17281277350606,0.13699766869110078,CamPOP 26 family reconstitutions (UKDS SN 854465); pop from BoE Millennium
1695,1155,701,5109707.999999999,0.22604031384963685,0.13718983550527744,CamPOP 26 family reconstitutions (UKDS SN 854465); pop from BoE Millennium
1696,1139,758,5118433.0,0.22252904355688546,0.14809219931178155,CamPOP 26 family reconstitutions (UKDS SN 854465); pop from BoE Millennium
1697,1057,663,5150015.000000001,0.20524212065401748,0.12873748911410934,CamPOP 26 family reconstitutions (UKDS SN 854465); pop from BoE Millennium
1698,1031,638,5177315.999999999,0.19913793170051822,0.12322987432098023,CamPOP 26 family reconstitutions (UKDS SN 854465); pop from BoE Millennium
1699,1052,631,5190149.0,0.20269167609638952,0.12157647111865189,CamPOP 26 family reconstitutions (UKDS SN 854465); pop from BoE Millennium
1700,1074,736,5195805.0,0.20670521699717367,0.14165273716007432,CamPOP 26 family reconstitutions (UKDS SN 854465); pop from BoE Millennium
1701,1163,799,5210622.0,0.2231979214765531,0.1533406184520773,CamPOP 26 family reconstitutions (UKDS SN 854465); pop from BoE Millennium
1702,1179,605,5130944.0,0.2297822778810293,0.11791202554539672,CamPOP 26 family reconstitutions (UKDS SN 854465); pop from BoE Millennium
1703,1108,690,5259007.0,0.2106861618552704,0.13120347624561063,CamPOP 26 family reconstitutions (UKDS SN 854465); pop from BoE Millennium
1704,1150,665,5258024.000000001,0.21871334174206886,0.1264733671812833,CamPOP 26 family reconstitutions (UKDS SN 854465); pop from BoE Millennium
1705,1097,812,5243873.0,0.2091965232567608,0.15484738093390132,CamPOP 26 family reconstitutions (UKDS SN 854465); pop from BoE Millennium
1706,1048,707,5333593.0,0.1964904333720252,0.13255604617750175,CamPOP 26 family reconstitutions (UKDS SN 854465); pop from BoE Millennium
1707,1121,671,5324293.0,0.21054438589311295,0.12602612215368314,CamPOP 26 family reconstitutions (UKDS SN 854465); pop from BoE Millennium
1708,1058,738,5315379.0,0.19904507279725492,0.13884240427634606,CamPOP 26 family reconstitutions (UKDS SN 854465); pop from BoE Millennium
1709,1027,695,5309902.0,0.19341223246681388,0.13088753803742517,CamPOP 26 family reconstitutions (UKDS SN 854465); pop from BoE Millennium
1710,1012,795,5389870.0,0.18775963056622888,0.14749891926892486,CamPOP 26 family reconstitutions (UKDS SN 854465); pop from BoE Millennium
1711,1081,809,5382325.0,0.20084257268002212,0.1503067912101183,CamPOP 26 family reconstitutions (UKDS SN 854465); pop from BoE Millennium
1712,1041,790,5313727.0,0.1959076934136812,0.1486715444733988,CamPOP 26 family reconstitutions (UKDS SN 854465); pop from BoE Millennium
1713,1095,734,5310003.0,0.2062145727601284,0.13822967708304496,CamPOP 26 family reconstitutions (UKDS SN 854465); pop from BoE Millennium
1714,1089,743,5393804.0,0.2018983263018085,0.1377506487072945,CamPOP 26 family reconstitutions (UKDS SN 854465); pop from BoE Millennium
1715,1174,809,5397729.999999999,0.21749883747427162,0.149877819009102,CamPOP 26 family reconstitutions (UKDS SN 854465); pop from BoE Millennium
1716,1167,772,5428305.999999999,0.2149841958062055,0.14221748000204854,CamPOP 26 family reconstitutions (UKDS SN 854465); pop from BoE Millennium
1717,1165,729,5437161.0,0.21426623195450714,0.13407732454492335,CamPOP 26 family reconstitutions (UKDS SN 854465); pop from BoE Millennium
1718,1296,751,5491429.0,0.23600414391226765,0.13675857413434644,CamPOP 26 family reconstitutions (UKDS SN 854465); pop from BoE Millennium
1719,1192,1038,5530415.0,0.21553536217444802,0.18768935061835323,CamPOP 26 family reconstitutions (UKDS SN 854465); pop from BoE Millennium
1720,1118,884,5510036.0,0.20290248557359697,0.1604345234767976,CamPOP 26 family reconstitutions (UKDS SN 854465); pop from BoE Millennium
1721,1139,862,5502742.000000001,0.20698771630579807,0.1566491759926233,CamPOP 26 family reconstitutions (UKDS SN 854465); pop from BoE Millennium
1722,1200,825,5505718.0,0.21795522400529777,0.1498442165036422,CamPOP 26 family reconstitutions (UKDS SN 854465); pop from BoE Millennium
1723,1253,960,5523184.000000001,0.22686189705068666,0.1738127862479323,CamPOP 26 family reconstitutions (UKDS SN 854465); pop from BoE Millennium
1724,1224,791,5540006.999999999,0.22093834899486592,0.14277960298606124,CamPOP 26 family reconstitutions (UKDS SN 854465); pop from BoE Millennium
1725,1307,740,5558450.0,0.23513749336595632,0.13313063893711377,CamPOP 26 family reconstitutions (UKDS SN 854465); pop from BoE Millennium
1726,1265,716,5602227.0,0.22580306010449058,0.12780631702356937,CamPOP 26 family reconstitutions (UKDS SN 854465); pop from BoE Millennium
1727,1214,945,5628488.999999999,0.21568843787382372,0.16789585979469804,CamPOP 26 family reconstitutions (UKDS SN 854465); pop from BoE Millennium
1728,1022,1109,5577742.0,0.1832282669223496,0.19882597653315626,CamPOP 26 family reconstitutions (UKDS SN 854465); pop from BoE Millennium
1729,1023,1243,5478466.999999999,0.1867310691111218,0.22688828827480392,CamPOP 26 family reconstitutions (UKDS SN 854465); pop from BoE Millennium
1730,1222,857,5420676.0,0.22543313785955849,0.15809836263964125,CamPOP 26 family reconstitutions (UKDS SN 854465); pop from BoE Millennium
1731,1308,820,5414321.0,0.24158153903324164,0.15145020031135945,CamPOP 26 family reconstitutions (UKDS SN 854465); pop from BoE Millennium
1732,1261,744,5394667.999999999,0.2337493243328413,0.13791395503856774,CamPOP 26 family reconstitutions (UKDS SN 854465); pop from BoE Millennium
1733,1360,847,5437529.000000001,0.2501136085894898,0.1557692841730131,CamPOP 26 family reconstitutions (UKDS SN 854465); pop from BoE Millennium
1734,1370,695,5515446.0,0.24839333029459448,0.12600975514944757,CamPOP 26 family reconstitutions (UKDS SN 854465); pop from BoE Millennium
1735,1283,714,5561308.0,0.23070112282937755,0.12838706289959126,CamPOP 26 family reconstitutions (UKDS SN 854465); pop from BoE Millennium
1736,1306,754,5598932.0,0.23325877149427784,0.13466854035733958,CamPOP 26 family reconstitutions (UKDS SN 854465); pop from BoE Millennium
1737,1292,817,5629100.999999999,0.22952155237577015,0.1451386287082076,CamPOP 26 family reconstitutions (UKDS SN 854465); pop from BoE Millennium
1738,1285,839,5652216.0,0.22734446100432112,0.14843735625107038,CamPOP 26 family reconstitutions (UKDS SN 854465); pop from BoE Millennium
1739,1342,741,5684087.000000001,0.23609772334589527,0.13036394411274843,CamPOP 26 family reconstitutions (UKDS SN 854465); pop from BoE Millennium
1740,1265,808,5711805.999999999,0.22147110738705064,0.141461387168962,CamPOP 26 family reconstitutions (UKDS SN 854465); pop from BoE Millennium
1741,1135,982,5723207.0,0.1983153850629551,0.17158212170204573,CamPOP 26 family reconstitutions (UKDS SN 854465); pop from BoE Millennium
1742,1234,1087,5664217.0,0.21785888499681422,0.19190648945829583,CamPOP 26 family reconstitutions (UKDS SN 854465); pop from BoE Millennium
1743,1206,869,5660026.0,0.21307322616539218,0.15353286362995505,CamPOP 26 family reconstitutions (UKDS SN 854465); pop from BoE Millennium
1744,1284,601,5695178.0,0.22545388396991278,0.10552786936597942,CamPOP 26 family reconstitutions (UKDS SN 854465); pop from BoE Millennium
1745,1282,621,5750497.0,0.22293725220620061,0.10799066585027346,CamPOP 26 family reconstitutions (UKDS SN 854465); pop from BoE Millennium
1746,1240,759,5781808.0,0.21446578648063028,0.13127381607967611,CamPOP 26 family reconstitutions (UKDS SN 854465); pop from BoE Millennium
1747,1343,793,5805091.0,0.2313486558608642,0.13660423238843283,CamPOP 26 family reconstitutions (UKDS SN 854465); pop from BoE Millennium
1748,1254,702,5816618.0,0.21558919633367707,0.12068868885665175,CamPOP 26 family reconstitutions (UKDS SN 854465); pop from BoE Millennium
1749,1298,755,5851017.0,0.2218417755409017,0.12903739640476178,CamPOP 26 family reconstitutions (UKDS SN 854465); pop from BoE Millennium
1750,1376,695,5888264.0,0.2336851744419068,0.11803139261418985,CamPOP 26 family reconstitutions (UKDS SN 854465); pop from BoE Millennium
1751,1333,740,5921907.0,0.22509640897771613,0.12495974691936229,CamPOP 26 family reconstitutions (UKDS SN 854465); pop from BoE Millennium
1752,1329,638,5960980.999999999,0.22294988022944548,0.10702936311992944,CamPOP 26 family reconstitutions (UKDS SN 854465); pop from BoE Millennium
1753,1354,683,6007521.0,0.22538414763760292,0.11369082188809661,CamPOP 26 family reconstitutions (UKDS SN 854465); pop from BoE Millennium
1754,1349,748,6052434.0,0.2228855366287348,0.12358664299354606,CamPOP 26 family reconstitutions (UKDS SN 854465); pop from BoE Millennium
1755,1361,663,6096763.0,0.22323321408426078,0.1087462314018111,CamPOP 26 family reconstitutions (UKDS SN 854465); pop from BoE Millennium
1756,1347,804,6148555.0,0.21907586416645863,0.1307624311728528,CamPOP 26 family reconstitutions (UKDS SN 854465); pop from BoE Millennium
1757,1317,762,6177649.000000001,0.21318789720814502,0.12334789496781055,CamPOP 26 family reconstitutions (UKDS SN 854465); pop from BoE Millennium
1758,1330,842,6196146.0,0.21464955796716217,0.13589092316417334,CamPOP 26 family reconstitutions (UKDS SN 854465); pop from BoE Millennium
1759,1340,735,6221832.999999999,0.21537061505829555,0.11813238960287106,CamPOP 26 family reconstitutions (UKDS SN 854465); pop from BoE Millennium
1760,1397,770,6262599.0,0.2230703259142091,0.12295214814169006,CamPOP 26 family reconstitutions (UKDS SN 854465); pop from BoE Millennium
1761,1329,795,6310339.0,0.2106067518718091,0.12598372290300094,CamPOP 26 family reconstitutions (UKDS SN 854465); pop from BoE Millennium
1762,1414,875,6338572.0,0.22307863663929353,0.13804371079164202,CamPOP 26 family reconstitutions (UKDS SN 854465); pop from BoE Millennium
1763,1305,846,6326855.999999999,0.20626358494645686,0.13371570334459962,CamPOP 26 family reconstitutions (UKDS SN 854465); pop from BoE Millennium
1764,1468,699,6361342.0,0.23076891637016214,0.10988247448415758,CamPOP 26 family reconstitutions (UKDS SN 854465); pop from BoE Millennium
1765,1447,806,6415198.0,0.22555811995202643,0.12563914628979495,CamPOP 26 family reconstitutions (UKDS SN 854465); pop from BoE Millennium
1766,1338,964,6448732.0,0.2074826493022194,0.1494867518141551,CamPOP 26 family reconstitutions (UKDS SN 854465); pop from BoE Millennium
1767,1421,767,6467029.999999999,0.21972992239095848,0.11860158372545049,CamPOP 26 family reconstitutions (UKDS SN 854465); pop from BoE Millennium
1768,1392,765,6486827.0,0.214588734985533,0.11793130909765283,CamPOP 26 family reconstitutions (UKDS SN 854465); pop from BoE Millennium
1769,1424,723,6530999.0,0.21803708743486258,0.11070281897149273,CamPOP 26 family reconstitutions (UKDS SN 854465); pop from BoE Millennium
1770,1620,862,6579743.000000001,0.24621022432031156,0.13100815639759789,CamPOP 26 family reconstitutions (UKDS SN 854465); pop from BoE Millennium
1771,1463,776,6623359.000000001,0.2208849014525711,0.11716109605413204,CamPOP 26 family reconstitutions (UKDS SN 854465); pop from BoE Millennium
1772,1485,718,6673919.0,0.22250794473232294,0.1075829658705777,CamPOP 26 family reconstitutions (UKDS SN 854465); pop from BoE Millennium
1773,1502,972,6726828.0,0.22328503122125318,0.14449603884624374,CamPOP 26 family reconstitutions (UKDS SN 854465); pop from BoE Millennium
1774,1459,700,6775929.0,0.2153210283047535,0.10330686758966925,CamPOP 26 family reconstitutions (UKDS SN 854465); pop from BoE Millennium
1775,1506,702,6847947.0,0.21991992636625254,0.10251247563685875,CamPOP 26 family reconstitutions (UKDS SN 854465); pop from BoE Millennium
1776,1437,739,6913474.0,0.20785497999992478,0.10689271414053195,CamPOP 26 family reconstitutions (UKDS SN 854465); pop from BoE Millennium
1777,1619,805,6979029.000000001,0.23198069530875998,0.11534555881627657,CamPOP 26 family reconstitutions (UKDS SN 854465); pop from BoE Millennium
1778,1543,805,7050435.0,0.218851744608666,0.11417735217756067,CamPOP 26 family reconstitutions (UKDS SN 854465); pop from BoE Millennium
1779,1576,968,7116142.0,0.22146831808583922,0.1360287639004393,CamPOP 26 family reconstitutions (UKDS SN 854465); pop from BoE Millennium
1780,1497,940,7154760.0,0.20923133690018952,0.13138106659063337,CamPOP 26 family reconstitutions (UKDS SN 854465); pop from BoE Millennium
1781,1506,917,7206139.0,0.20898847496558143,0.12725261058661233,CamPOP 26 family reconstitutions (UKDS SN 854465); pop from BoE Millennium
1782,1483,907,7230818.0,0.20509436138483916,0.12543532419153683,CamPOP 26 family reconstitutions (UKDS SN 854465); pop from BoE Millennium
1783,1481,936,7284000.0,0.20332235035694673,0.128500823723229,CamPOP 26 family reconstitutions (UKDS SN 854465); pop from BoE Millennium
1784,1473,951,7300587.0,0.20176459783302356,0.13026349798995615,CamPOP 26 family reconstitutions (UKDS SN 854465); pop from BoE Millennium
1785,1617,1049,7367578.000000001,0.21947511108806717,0.1423805760861982,CamPOP 26 family reconstitutions (UKDS SN 854465); pop from BoE Millennium
1786,1592,848,7433688.0,0.21416018536155942,0.1140752746147,CamPOP 26 family reconstitutions (UKDS SN 854465); pop from BoE Millennium
1787,1601,923,7508406.0,0.21322768108171028,0.12292888796903098,CamPOP 26 family reconstitutions (UKDS SN 854465); pop from BoE Millennium
1788,1577,905,7591590.0,0.20772986950032865,0.11921086360037884,CamPOP 26 family reconstitutions (UKDS SN 854465); pop from BoE Millennium
1789,1522,838,7665834.0,0.1985433026595671,0.10931622051821106,CamPOP 26 family reconstitutions (UKDS SN 854465); pop from BoE Millennium
1790,1693,962,7762100.999999999,0.21811105008811404,0.12393551694315755,CamPOP 26 family reconstitutions (UKDS SN 854465); pop from BoE Millennium
1791,1619,864,7845677.999999999,0.20635565211827456,0.11012432577528673,CamPOP 26 family reconstitutions (UKDS SN 854465); pop from BoE Millennium
1792,1606,915,7937411.0,0.2023329773398404,0.11527688310457906,CamPOP 26 family reconstitutions (UKDS SN 854465); pop from BoE Millennium
1793,1692,1002,8022417.000000001,0.2109090065998813,0.1249000145467382,CamPOP 26 family reconstitutions (UKDS SN 854465); pop from BoE Millennium
1794,1565,931,8100997.999999999,0.19318607411086883,0.11492411181930919,CamPOP 26 family reconstitutions (UKDS SN 854465); pop from BoE Millennium
1795,1655,975,8169105.999999999,0.20259254807074362,0.1193521053588973,CamPOP 26 family reconstitutions (UKDS SN 854465); pop from BoE Millennium
1796,1562,814,8256325.0,0.18918828897844986,0.09859108017186824,CamPOP 26 family reconstitutions (UKDS SN 854465); pop from BoE Millennium
1797,1822,899,8333740.000000001,0.2186293308886526,0.1078747357128972,CamPOP 26 family reconstitutions (UKDS SN 854465); pop from BoE Millennium
1798,1643,825,8435048.0,0.19478253117231817,0.09780620098427419,CamPOP 26 family reconstitutions (UKDS SN 854465); pop from BoE Millennium
1799,1691,724,8525739.999999998,0.19834055460288497,0.08491931492163732,CamPOP 26 family reconstitutions (UKDS SN 854465); pop from BoE Millennium
1800,1544,856,8619513.000000002,0.1791284496003428,0.09930955495977555,CamPOP 26 family reconstitutions (UKDS SN 854465); pop from BoE Millennium
1801,1145,756,8671439.0,0.1320426748086448,0.08718276170771656,CamPOP 26 family reconstitutions (UKDS SN 854465); pop from BoE Millennium
1802,1296,714,8730844.999999998,0.1484392404171647,0.08177902597056759,CamPOP 26 family reconstitutions (UKDS SN 854465); pop from BoE Millennium
1803,1330,676,8831874.0,0.1505909164917887,0.07654094702890915,CamPOP 26 family reconstitutions (UKDS SN 854465); pop from BoE Millennium
1804,1347,648,8945472.0,0.15057897448004978,0.07243888304608186,CamPOP 26 family reconstitutions (UKDS SN 854465); pop from BoE Millennium
1805,1285,604,9092471.0,0.14132571882824813,0.06642858690448394,CamPOP 26 family reconstitutions (UKDS SN 854465); pop from BoE Millennium
1806,1269,585,9232495.0,0.13744930270744798,0.06336315373038383,CamPOP 26 family reconstitutions (UKDS SN 854465); pop from BoE Millennium
1807,1341,656,9367758.0,0.1431505809607806,0.07002742812100825,CamPOP 26 family reconstitutions (UKDS SN 854465); pop from BoE Millennium
1808,1299,665,9498470.0,0.13675886748076269,0.0700112755001595,CamPOP 26 family reconstitutions (UKDS SN 854465); pop from BoE Millennium
1809,1340,673,9623669.0,0.13924003412835584,0.06993174848386827,CamPOP 26 family reconstitutions (UKDS SN 854465); pop from BoE Millennium
1810,1324,647,9737937.0,0.1359630895126966,0.06644117742803224,CamPOP 26 family reconstitutions (UKDS SN 854465); pop from BoE Millennium
1811,1326,632,9863959.000000002,0.13442878260138752,0.06407163695631743,CamPOP 26 family reconstitutions (UKDS SN 854465); pop from BoE Millennium
1812,1359,666,9988059.0,0.1360624721980517,0.06667962213679354,CamPOP 26 family reconstitutions (UKDS SN 854465); pop from BoE Millennium
1813,1139,476,10140770.0,0.11231888702731646,0.04693923636962479,CamPOP 26 family reconstitutions (UKDS SN 854465); pop from BoE Millennium
1814,1136,485,10274049.999999998,0.11056983370725276,0.04720631104579013,CamPOP 26 family reconstitutions (UKDS SN 854465); pop from BoE Millennium
1815,1334,528,10458060.0,0.12755711862429553,0.050487375287577234,CamPOP 26 family reconstitutions (UKDS SN 854465); pop from BoE Millennium
1816,1213,492,10628380.0,0.11412839962440184,0.046291156319213274,CamPOP 26 family reconstitutions (UKDS SN 854465); pop from BoE Millennium
1817,1222,545,10801770.000000002,0.11312960746248067,0.05045469399922419,CamPOP 26 family reconstitutions (UKDS SN 854465); pop from BoE Millennium
1818,1168,587,10957250.0,0.10659608934723584,0.0535718359989961,CamPOP 26 family reconstitutions (UKDS SN 854465); pop from BoE Millennium
1819,1190,620,11121510.0,0.10699985883211902,0.05574782561001159,CamPOP 26 family reconstitutions (UKDS SN 854465); pop from BoE Millennium
1820,1147,600,11267750.0,0.10179494575225755,0.05324931774311641,CamPOP 26 family reconstitutions (UKDS SN 854465); pop from BoE Millennium
1821,1235,531,11456809.999999998,0.1077961491898705,0.04634797993507792,CamPOP 26 family reconstitutions (UKDS SN 854465); pop from BoE Millennium
1822,1222,585,11652270.0,0.10487226952344908,0.0502048098782469,CamPOP 26 family reconstitutions (UKDS SN 854465); pop from BoE Millennium
1823,1162,577,11839110.0,0.09814926966638539,0.04873677159854077,CamPOP 26 family reconstitutions (UKDS SN 854465); pop from BoE Millennium
1824,1178,587,12016610.0,0.0980309754581367,0.048849051437967944,CamPOP 26 family reconstitutions (UKDS SN 854465); pop from BoE Millennium
1825,1162,680,12207690.000000002,0.09518590331176495,0.05570259402065419,CamPOP 26 family reconstitutions (UKDS SN 854465); pop from BoE Millennium
1826,1145,702,12373750.0,0.09253459945449036,0.05673300333367007,CamPOP 26 family reconstitutions (UKDS SN 854465); pop from BoE Millennium
1827,1139,601,12527840.0,0.0909175085250131,0.047973154190985835,CamPOP 26 family reconstitutions (UKDS SN 854465); pop from BoE Millennium
1828,1144,596,12727690.0,0.0898827674149826,0.046827036170742686,CamPOP 26 family reconstitutions (UKDS SN 854465); pop from BoE Millennium
1829,1121,690,12903030.000000002,0.08687881838606899,0.05347581149543944,CamPOP 26 family reconstitutions (UKDS SN 854465); pop from BoE Millennium
1830,1122,589,13074140.0,0.08581826414586351,0.04505076433325634,CamPOP 26 family reconstitutions (UKDS SN 854465); pop from BoE Millennium
1831,1132,672,13254050.0,0.08540785646651401,0.05070148369743588,CamPOP 26 family reconstitutions (UKDS SN 854465); pop from BoE Millennium
1832,1135,710,13394340.0,0.08473728455452079,0.05300746434688085,CamPOP 26 family reconstitutions (UKDS SN 854465); pop from BoE Millennium
1833,1160,691,13565080.0,0.0855136866129798,0.050939618491007796,CamPOP 26 family reconstitutions (UKDS SN 854465); pop from BoE Millennium
1834,1163,700,13760370.0,0.0845180761854514,0.050870725133117786,CamPOP 26 family reconstitutions (UKDS SN 854465); pop from BoE Millennium
1835,1155,676,13921320.0,0.08296627043987208,0.04855861369467838,CamPOP 26 family reconstitutions (UKDS SN 854465); pop from BoE Millennium
1836,1076,659,14099520.0,0.07631465468328,0.046739179773495836,CamPOP 26 family reconstitutions (UKDS SN 854465); pop from BoE Millennium
1837,1053,744,14261310.0,0.07383613426817032,0.05216912050856478,CamPOP 26 family reconstitutions (UKDS SN 854465); pop from BoE Millennium
1838,858,566,14416000.0,0.05951720310765816,0.03926193118756937,CamPOP 26 family reconstitutions (UKDS SN 854465); pop from BoE Millennium
1839,610,394,14594440.0,0.04179673903212456,0.02699658226009357,CamPOP 26 family reconstitutions (UKDS SN 854465); pop from BoE Millennium
1840,657,399,14769380.0,0.04448392552700249,0.027015352032380507,CamPOP 26 family reconstitutions (UKDS SN 854465); pop from BoE Millennium
1841,583,410,14936710.0,0.03903135295523579,0.02744915044879361,CamPOP 26 family reconstitutions (UKDS SN 854465); pop from BoE Millennium
1842,313,326,15130469.999999998,0.02068673345903994,0.02154592686149208,CamPOP 26 family reconstitutions (UKDS SN 854465); pop from BoE Millennium
1843,330,242,15310420.0,0.02155394822611006,0.015806228699147377,CamPOP 26 family reconstitutions (UKDS SN 854465); pop from BoE Millennium
1844,344,271,15508209.999999998,0.02218179918894573,0.01747461505873341,CamPOP 26 family reconstitutions (UKDS SN 854465); pop from BoE Millennium
1845,308,242,15691480.0,0.019628486286825717,0.01542238208250592,CamPOP 26 family reconstitutions (UKDS SN 854465); pop from BoE Millennium
1846,319,258,15910020.000000002,0.020050257636382605,0.016216195831306308,CamPOP 26 family reconstitutions (UKDS SN 854465); pop from BoE Millennium
1847,257,259,16037830.0,0.016024611808455384,0.016149316958715736,CamPOP 26 family reconstitutions (UKDS SN 854465); pop from BoE Millennium
1848,270,248,16165320.000000002,0.016702422222387183,0.015341484115377857,CamPOP 26 family reconstitutions (UKDS SN 854465); pop from BoE Millennium
1849,350,256,16358210.0,0.021395984034928026,0.01564963403697593,CamPOP 26 family reconstitutions (UKDS SN 854465); pop from BoE Millennium
1850,251,256,16506090.0,0.015206508628027594,0.015509427126593882,CamPOP 26 family reconstitutions (UKDS SN 854465); pop from BoE Millennium
1851,129,136,16736084.000000002,0.007707896303579737,0.008126154242533677,CamPOP 26 family reconstitutions (UKDS SN 854465); pop from BoE Millennium
