year,population_millions,population,source
1541,2.830458,2830458.0,"Broadberry et al. (2015) / Wrigley-Schofield via Bank of England Millennium of Macroeconomic Data v3.1, sheet A2"
1542,2.867727,2867727.0,"Broadberry et al. (2015) / Wrigley-Schofield via Bank of England Millennium of Macroeconomic Data v3.1, sheet A2"
1543,2.8843609999999997,2884360.9999999995,"Broadberry et al. (2015) / Wrigley-Schofield via Bank of England Millennium of Macroeconomic Data v3.1, sheet A2"
1544,2.9160030000000003,2916003.0000000005,"Broadberry et al. (2015) / Wrigley-Schofield via Bank of England Millennium of Macroeconomic Data v3.1, sheet A2"
1545,2.911613,2911613.0,"Broadberry et al. (2015) / Wrigley-Schofield via Bank of England Millennium of Macroeconomic Data v3.1, sheet A2"
1546,2.9084659999999998,2908466.0,"Broadberry et al. (2015) / Wrigley-Schofield via Bank of England Millennium of Macroeconomic Data v3.1, sheet A2"
1547,2.91044,2910440.0,"Broadberry et al. (2015) / Wrigley-Schofield via Bank of England Millennium of Macroeconomic Data v3.1, sheet A2"
1548,2.9519029999999997,2951902.9999999995,"Broadberry et al. (2015) / Wrigley-Schofield via Bank of England Millennium of Macroeconomic Data v3.1, sheet A2"
1549,2.9811799999999997,2981179.9999999995,"Broadberry et al. (2015) / Wrigley-Schofield via Bank of England Millennium of Macroeconomic Data v3.1, sheet A2"
1550,3.020841,3020841.0,"Broadberry et al. (2015) / Wrigley-Schofield via Bank of England Millennium of Macroeconomic Data v3.1, sheet A2"
1551,3.0651680000000003,3065168.0000000005,"Broadberry et al. (2015) / Wrigley-Schofield via Bank of England Millennium of Macroeconomic Data v3.1, sheet A2"
1552,3.087215,3087215.0,"Broadberry et al. (2015) / Wrigley-Schofield via Bank of England Millennium of Macroeconomic Data v3.1, sheet A2"
1553,3.110592,3110592.0,"Broadberry et al. (2015) / Wrigley-Schofield via Bank of England Millennium of Macroeconomic Data v3.1, sheet A2"
1554,3.137961,3137961.0,"Broadberry et al. (2015) / Wrigley-Schofield via Bank of England Millennium of Macroeconomic Data v3.1, sheet A2"
1555,3.161626,3161626.0,"Broadberry et al. (2015) / Wrigley-Schofield via Bank of England Millennium of Macroeconomic Data v3.1, sheet A2"
1556,3.212505,3212505.0,"Broadberry et al. (2015) / Wrigley-Schofield via Bank of England Millennium of Macroeconomic Data v3.1, sheet A2"
1557,3.204974,3204974.0,"Broadberry et al. (2015) / Wrigley-Schofield via Bank of England Millennium of Macroeconomic Data v3.1, sheet A2"
1558,3.133757,3133757.0,"Broadberry et al. (2015) / Wrigley-Schofield via Bank of England Millennium of Macroeconomic Data v3.1, sheet A2"
1559,3.0367420000000003,3036742.0000000005,"Broadberry et al. (2015) / Wrigley-Schofield via Bank of England Millennium of Macroeconomic Data v3.1, sheet A2"
1560,3.015219,3015219.0,"Broadberry et al. (2015) / Wrigley-Schofield via Bank of England Millennium of Macroeconomic Data v3.1, sheet A2"
1561,3.035688,3035688.0,"Broadberry et al. (2015) / Wrigley-Schofield via Bank of England Millennium of Macroeconomic Data v3.1, sheet A2"
1562,3.069343,3069343.0,"Broadberry et al. (2015) / Wrigley-Schofield via Bank of England Millennium of Macroeconomic Data v3.1, sheet A2"
1563,3.0995459999999997,3099545.9999999995,"Broadberry et al. (2015) / Wrigley-Schofield via Bank of England Millennium of Macroeconomic Data v3.1, sheet A2"
1564,3.1107069999999997,3110706.9999999995,"Broadberry et al. (2015) / Wrigley-Schofield via Bank of England Millennium of Macroeconomic Data v3.1, sheet A2"
1565,3.149204,3149204.0,"Broadberry et al. (2015) / Wrigley-Schofield via Bank of England Millennium of Macroeconomic Data v3.1, sheet A2"
1566,3.173513,3173513.0,"Broadberry et al. (2015) / Wrigley-Schofield via Bank of England Millennium of Macroeconomic Data v3.1, sheet A2"
1567,3.208378,3208378.0,"Broadberry et al. (2015) / Wrigley-Schofield via Bank of England Millennium of Macroeconomic Data v3.1, sheet A2"
1568,3.2523449999999996,3252344.9999999995,"Broadberry et al. (2015) / Wrigley-Schofield via Bank of England Millennium of Macroeconomic Data v3.1, sheet A2"
1569,3.274741,3274741.0,"Broadberry et al. (2015) / Wrigley-Schofield via Bank of England Millennium of Macroeconomic Data v3.1, sheet A2"
1570,3.2962040000000004,3296204.0000000005,"Broadberry et al. (2015) / Wrigley-Schofield via Bank of England Millennium of Macroeconomic Data v3.1, sheet A2"
1571,3.310219,3310219.0,"Broadberry et al. (2015) / Wrigley-Schofield via Bank of England Millennium of Macroeconomic Data v3.1, sheet A2"
1572,3.341349,3341349.0,"Broadberry et al. (2015) / Wrigley-Schofield via Bank of England Millennium of Macroeconomic Data v3.1, sheet A2"
1573,3.360591,3360591.0,"Broadberry et al. (2015) / Wrigley-Schofield via Bank of England Millennium of Macroeconomic Data v3.1, sheet A2"
1574,3.380804,3380804.0,"Broadberry et al. (2015) / Wrigley-Schofield via Bank of England Millennium of Macroeconomic Data v3.1, sheet A2"
1575,3.413301,3413301.0,"Broadberry et al. (2015) / Wrigley-Schofield via Bank of England Millennium of Macroeconomic Data v3.1, sheet A2"
1576,3.4479450000000003,3447945.0000000005,"Broadberry et al. (2015) / Wrigley-Schofield via Bank of England Millennium of Macroeconomic Data v3.1, sheet A2"
1577,3.490202,3490202.0,"Broadberry et al. (2015) / Wrigley-Schofield via Bank of England Millennium of Macroeconomic Data v3.1, sheet A2"
1578,3.527355,3527355.0,"Broadberry et al. (2015) / Wrigley-Schofield via Bank of England Millennium of Macroeconomic Data v3.1, sheet A2"
1579,3.560316,3560316.0,"Broadberry et al. (2015) / Wrigley-Schofield via Bank of England Millennium of Macroeconomic Data v3.1, sheet A2"
1580,3.602085,3602085.0,"Broadberry et al. (2015) / Wrigley-Schofield via Bank of England Millennium of Macroeconomic Data v3.1, sheet A2"
1581,3.6314409999999997,3631440.9999999995,"Broadberry et al. (2015) / Wrigley-Schofield via Bank of England Millennium of Macroeconomic Data v3.1, sheet A2"
1582,3.671239,3671239.0,"Broadberry et al. (2015) / Wrigley-Schofield via Bank of England Millennium of Macroeconomic Data v3.1, sheet A2"
1583,3.721513,3721513.0,"Broadberry et al. (2015) / Wrigley-Schofield via Bank of England Millennium of Macroeconomic Data v3.1, sheet A2"
1584,3.768244,3768244.0,"Broadberry et al. (2015) / Wrigley-Schofield via Bank of England Millennium of Macroeconomic Data v3.1, sheet A2"
1585,3.797796,3797796.0,"Broadberry et al. (2015) / Wrigley-Schofield via Bank of England Millennium of Macroeconomic Data v3.1, sheet A2"
1586,3.840647,3840647.0,"Broadberry et al. (2015) / Wrigley-Schofield via Bank of England Millennium of Macroeconomic Data v3.1, sheet A2"
1587,3.859383,3859383.0,"Broadberry et al. (2015) / Wrigley-Schofield via Bank of England Millennium of Macroeconomic Data v3.1, sheet A2"
1588,3.846636,3846636.0,"Broadberry et al. (2015) / Wrigley-Schofield via Bank of England Millennium of Macroeconomic Data v3.1, sheet A2"
1589,3.885426,3885426.0,"Broadberry et al. (2015) / Wrigley-Schofield via Bank of England Millennium of Macroeconomic Data v3.1, sheet A2"
1590,3.93426,3934260.0,"Broadberry et al. (2015) / Wrigley-Schofield via Bank of England Millennium of Macroeconomic Data v3.1, sheet A2"
1591,3.937845,3937845.0,"Broadberry et al. (2015) / Wrigley-Schofield via Bank of England Millennium of Macroeconomic Data v3.1, sheet A2"
1592,3.945029,3945029.0,"Broadberry et al. (2015) / Wrigley-Schofield via Bank of England Millennium of Macroeconomic Data v3.1, sheet A2"
1593,3.943129,3943129.0,"Broadberry et al. (2015) / Wrigley-Schofield via Bank of England Millennium of Macroeconomic Data v3.1, sheet A2"
1594,3.9790880000000004,3979088.0000000005,"Broadberry et al. (2015) / Wrigley-Schofield via Bank of England Millennium of Macroeconomic Data v3.1, sheet A2"
1595,4.028223,4028222.9999999995,"Broadberry et al. (2015) / Wrigley-Schofield via Bank of England Millennium of Macroeconomic Data v3.1, sheet A2"
1596,4.056574,4056574.0000000005,"Broadberry et al. (2015) / Wrigley-Schofield via Bank of England Millennium of Macroeconomic Data v3.1, sheet A2"
1597,4.054783,4054782.9999999995,"Broadberry et al. (2015) / Wrigley-Schofield via Bank of England Millennium of Macroeconomic Data v3.1, sheet A2"
1598,4.028631,4028631.0,"Broadberry et al. (2015) / Wrigley-Schofield via Bank of England Millennium of Macroeconomic Data v3.1, sheet A2"
1599,4.065427000000001,4065427.0000000005,"Broadberry et al. (2015) / Wrigley-Schofield via Bank of England Millennium of Macroeconomic Data v3.1, sheet A2"
1600,4.114890999999999,4114890.999999999,"Broadberry et al. (2015) / Wrigley-Schofield via Bank of England Millennium of Macroeconomic Data v3.1, sheet A2"
1601,4.161785,4161785.0,"Broadberry et al. (2015) / Wrigley-Schofield via Bank of England Millennium of Macroeconomic Data v3.1, sheet A2"
1602,4.1876549999999995,4187654.9999999995,"Broadberry et al. (2015) / Wrigley-Schofield via Bank of England Millennium of Macroeconomic Data v3.1, sheet A2"
1603,4.209409,4209409.0,"Broadberry et al. (2015) / Wrigley-Schofield via Bank of England Millennium of Macroeconomic Data v3.1, sheet A2"
1604,4.2194769999999995,4219476.999999999,"Broadberry et al. (2015) / Wrigley-Schofield via Bank of England Millennium of Macroeconomic Data v3.1, sheet A2"
1605,4.270233,4270233.0,"Broadberry et al. (2015) / Wrigley-Schofield via Bank of England Millennium of Macroeconomic Data v3.1, sheet A2"
1606,4.31042,4310420.0,"Broadberry et al. (2015) / Wrigley-Schofield via Bank of England Millennium of Macroeconomic Data v3.1, sheet A2"
1607,4.361009,4361009.0,"Broadberry et al. (2015) / Wrigley-Schofield via Bank of England Millennium of Macroeconomic Data v3.1, sheet A2"
1608,4.3982280000000005,4398228.000000001,"Broadberry et al. (2015) / Wrigley-Schofield via Bank of England Millennium of Macroeconomic Data v3.1, sheet A2"
1609,4.435392,4435392.0,"Broadberry et al. (2015) / Wrigley-Schofield via Bank of England Millennium of Macroeconomic Data v3.1, sheet A2"
1610,4.449135,4449135.0,"Broadberry et al. (2015) / Wrigley-Schofield via Bank of England Millennium of Macroeconomic Data v3.1, sheet A2"
1611,4.476310000000001,4476310.000000001,"Broadberry et al. (2015) / Wrigley-Schofield via Bank of England Millennium of Macroeconomic Data v3.1, sheet A2"
1612,4.49831,4498310.0,"Broadberry et al. (2015) / Wrigley-Schofield via Bank of England Millennium of Macroeconomic Data v3.1, sheet A2"
1613,4.518285,4518285.0,"Broadberry et al. (2015) / Wrigley-Schofield via Bank of England Millennium of Macroeconomic Data v3.1, sheet A2"
1614,4.518328,4518328.0,"Broadberry et al. (2015) / Wrigley-Schofield via Bank of England Millennium of Macroeconomic Data v3.1, sheet A2"
1615,4.553109999999999,4553109.999999999,"Broadberry et al. (2015) / Wrigley-Schofield via Bank of England Millennium of Macroeconomic Data v3.1, sheet A2"
1616,4.568412,4568412.0,"Broadberry et al. (2015) / Wrigley-Schofield via Bank of England Millennium of Macroeconomic Data v3.1, sheet A2"
1617,4.573625,4573625.0,"Broadberry et al. (2015) / Wrigley-Schofield via Bank of England Millennium of Macroeconomic Data v3.1, sheet A2"
1618,4.602855,4602855.0,"Broadberry et al. (2015) / Wrigley-Schofield via Bank of England Millennium of Macroeconomic Data v3.1, sheet A2"
1619,4.645663,4645663.0,"Broadberry et al. (2015) / Wrigley-Schofield via Bank of England Millennium of Macroeconomic Data v3.1, sheet A2"
1620,4.688689999999999,4688689.999999999,"Broadberry et al. (2015) / Wrigley-Schofield via Bank of England Millennium of Macroeconomic Data v3.1, sheet A2"
1621,4.744972,4744972.0,"Broadberry et al. (2015) / Wrigley-Schofield via Bank of England Millennium of Macroeconomic Data v3.1, sheet A2"
1622,4.829012,4829012.0,"Broadberry et al. (2015) / Wrigley-Schofield via Bank of England Millennium of Macroeconomic Data v3.1, sheet A2"
1623,4.859479,4859479.0,"Broadberry et al. (2015) / Wrigley-Schofield via Bank of England Millennium of Macroeconomic Data v3.1, sheet A2"
1624,4.829546000000001,4829546.000000001,"Broadberry et al. (2015) / Wrigley-Schofield via Bank of England Millennium of Macroeconomic Data v3.1, sheet A2"
1625,4.821584,4821584.0,"Broadberry et al. (2015) / Wrigley-Schofield via Bank of England Millennium of Macroeconomic Data v3.1, sheet A2"
1626,4.761953999999999,4761953.999999999,"Broadberry et al. (2015) / Wrigley-Schofield via Bank of England Millennium of Macroeconomic Data v3.1, sheet A2"
1627,4.796562,4796562.0,"Broadberry et al. (2015) / Wrigley-Schofield via Bank of England Millennium of Macroeconomic Data v3.1, sheet A2"
1628,4.896191,4896191.0,"Broadberry et al. (2015) / Wrigley-Schofield via Bank of England Millennium of Macroeconomic Data v3.1, sheet A2"
1629,4.973912,4973912.0,"Broadberry et al. (2015) / Wrigley-Schofield via Bank of England Millennium of Macroeconomic Data v3.1, sheet A2"
1630,4.959428,4959428.0,"Broadberry et al. (2015) / Wrigley-Schofield via Bank of England Millennium of Macroeconomic Data v3.1, sheet A2"
1631,4.926322,4926322.0,"Broadberry et al. (2015) / Wrigley-Schofield via Bank of England Millennium of Macroeconomic Data v3.1, sheet A2"
1632,4.989043,4989043.0,"Broadberry et al. (2015) / Wrigley-Schofield via Bank of England Millennium of Macroeconomic Data v3.1, sheet A2"
1633,5.114408,5114408.0,"Broadberry et al. (2015) / Wrigley-Schofield via Bank of England Millennium of Macroeconomic Data v3.1, sheet A2"
1634,5.176634,5176634.0,"Broadberry et al. (2015) / Wrigley-Schofield via Bank of England Millennium of Macroeconomic Data v3.1, sheet A2"
1635,5.199885,5199885.0,"Broadberry et al. (2015) / Wrigley-Schofield via Bank of England Millennium of Macroeconomic Data v3.1, sheet A2"
1636,5.089826,5089826.0,"Broadberry et al. (2015) / Wrigley-Schofield via Bank of England Millennium of Macroeconomic Data v3.1, sheet A2"
1637,5.19585,5195850.0,"Broadberry et al. (2015) / Wrigley-Schofield via Bank of England Millennium of Macroeconomic Data v3.1, sheet A2"
1638,5.163125,5163125.0,"Broadberry et al. (2015) / Wrigley-Schofield via Bank of England Millennium of Macroeconomic Data v3.1, sheet A2"
1639,5.207413,5207413.0,"Broadberry et al. (2015) / Wrigley-Schofield via Bank of England Millennium of Macroeconomic Data v3.1, sheet A2"
1640,5.20928,5209280.0,"Broadberry et al. (2015) / Wrigley-Schofield via Bank of England Millennium of Macroeconomic Data v3.1, sheet A2"
1641,5.130122999999999,5130122.999999999,"Broadberry et al. (2015) / Wrigley-Schofield via Bank of England Millennium of Macroeconomic Data v3.1, sheet A2"
1642,5.192783,5192783.0,"Broadberry et al. (2015) / Wrigley-Schofield via Bank of England Millennium of Macroeconomic Data v3.1, sheet A2"
1643,5.268977,5268977.0,"Broadberry et al. (2015) / Wrigley-Schofield via Bank of England Millennium of Macroeconomic Data v3.1, sheet A2"
1644,5.2178770000000005,5217877.000000001,"Broadberry et al. (2015) / Wrigley-Schofield via Bank of England Millennium of Macroeconomic Data v3.1, sheet A2"
1645,5.247014,5247014.0,"Broadberry et al. (2015) / Wrigley-Schofield via Bank of England Millennium of Macroeconomic Data v3.1, sheet A2"
1646,5.23124,5231240.0,"Broadberry et al. (2015) / Wrigley-Schofield via Bank of England Millennium of Macroeconomic Data v3.1, sheet A2"
1647,5.315683,5315683.0,"Broadberry et al. (2015) / Wrigley-Schofield via Bank of England Millennium of Macroeconomic Data v3.1, sheet A2"
1648,5.309168,5309168.0,"Broadberry et al. (2015) / Wrigley-Schofield via Bank of England Millennium of Macroeconomic Data v3.1, sheet A2"
1649,5.315384,5315384.0,"Broadberry et al. (2015) / Wrigley-Schofield via Bank of England Millennium of Macroeconomic Data v3.1, sheet A2"
1650,5.312343,5312343.0,"Broadberry et al. (2015) / Wrigley-Schofield via Bank of England Millennium of Macroeconomic Data v3.1, sheet A2"
1651,5.307978,5307978.0,"Broadberry et al. (2015) / Wrigley-Schofield via Bank of England Millennium of Macroeconomic Data v3.1, sheet A2"
1652,5.391294,5391294.0,"Broadberry et al. (2015) / Wrigley-Schofield via Bank of England Millennium of Macroeconomic Data v3.1, sheet A2"
1653,5.385707999999999,5385707.999999999,"Broadberry et al. (2015) / Wrigley-Schofield via Bank of England Millennium of Macroeconomic Data v3.1, sheet A2"
1654,5.3131949999999994,5313194.999999999,"Broadberry et al. (2015) / Wrigley-Schofield via Bank of England Millennium of Macroeconomic Data v3.1, sheet A2"
1655,5.397694,5397694.0,"Broadberry et al. (2015) / Wrigley-Schofield via Bank of England Millennium of Macroeconomic Data v3.1, sheet A2"
1656,5.390765,5390765.0,"Broadberry et al. (2015) / Wrigley-Schofield via Bank of England Millennium of Macroeconomic Data v3.1, sheet A2"
1657,5.394992,5394992.0,"Broadberry et al. (2015) / Wrigley-Schofield via Bank of England Millennium of Macroeconomic Data v3.1, sheet A2"
1658,5.320309,5320309.0,"Broadberry et al. (2015) / Wrigley-Schofield via Bank of England Millennium of Macroeconomic Data v3.1, sheet A2"
1659,5.266505,5266505.0,"Broadberry et al. (2015) / Wrigley-Schofield via Bank of England Millennium of Macroeconomic Data v3.1, sheet A2"
1660,5.245768,5245768.0,"Broadberry et al. (2015) / Wrigley-Schofield via Bank of England Millennium of Macroeconomic Data v3.1, sheet A2"
1661,5.279736,5279736.0,"Broadberry et al. (2015) / Wrigley-Schofield via Bank of England Millennium of Macroeconomic Data v3.1, sheet A2"
1662,5.204667000000001,5204667.000000001,"Broadberry et al. (2015) / Wrigley-Schofield via Bank of England Millennium of Macroeconomic Data v3.1, sheet A2"
1663,5.169274000000001,5169274.000000001,"Broadberry et al. (2015) / Wrigley-Schofield via Bank of England Millennium of Macroeconomic Data v3.1, sheet A2"
1664,5.244883,5244883.0,"Broadberry et al. (2015) / Wrigley-Schofield via Bank of England Millennium of Macroeconomic Data v3.1, sheet A2"
1665,5.184322,5184322.0,"Broadberry et al. (2015) / Wrigley-Schofield via Bank of England Millennium of Macroeconomic Data v3.1, sheet A2"
1666,5.229235,5229235.0,"Broadberry et al. (2015) / Wrigley-Schofield via Bank of England Millennium of Macroeconomic Data v3.1, sheet A2"
1667,5.106405,5106405.0,"Broadberry et al. (2015) / Wrigley-Schofield via Bank of England Millennium of Macroeconomic Data v3.1, sheet A2"
1668,5.205223,5205223.0,"Broadberry et al. (2015) / Wrigley-Schofield via Bank of England Millennium of Macroeconomic Data v3.1, sheet A2"
1669,5.20047,5200470.0,"Broadberry et al. (2015) / Wrigley-Schofield via Bank of England Millennium of Macroeconomic Data v3.1, sheet A2"
1670,5.193358,5193358.0,"Broadberry et al. (2015) / Wrigley-Schofield via Bank of England Millennium of Macroeconomic Data v3.1, sheet A2"
1671,5.158922,5158922.0,"Broadberry et al. (2015) / Wrigley-Schofield via Bank of England Millennium of Macroeconomic Data v3.1, sheet A2"
1672,5.1408819999999995,5140881.999999999,"Broadberry et al. (2015) / Wrigley-Schofield via Bank of England Millennium of Macroeconomic Data v3.1, sheet A2"
1673,5.171863,5171863.0,"Broadberry et al. (2015) / Wrigley-Schofield via Bank of England Millennium of Macroeconomic Data v3.1, sheet A2"
1674,5.186973,5186973.0,"Broadberry et al. (2015) / Wrigley-Schofield via Bank of England Millennium of Macroeconomic Data v3.1, sheet A2"
1675,5.1870519999999996,5187052.0,"Broadberry et al. (2015) / Wrigley-Schofield via Bank of England Millennium of Macroeconomic Data v3.1, sheet A2"
1676,5.184564,5184564.0,"Broadberry et al. (2015) / Wrigley-Schofield via Bank of England Millennium of Macroeconomic Data v3.1, sheet A2"
1677,5.193060999999999,5193060.999999999,"Broadberry et al. (2015) / Wrigley-Schofield via Bank of England Millennium of Macroeconomic Data v3.1, sheet A2"
1678,5.2096480000000005,5209648.000000001,"Broadberry et al. (2015) / Wrigley-Schofield via Bank of England Millennium of Macroeconomic Data v3.1, sheet A2"
1679,5.194269,5194269.0,"Broadberry et al. (2015) / Wrigley-Schofield via Bank of England Millennium of Macroeconomic Data v3.1, sheet A2"
1680,5.166785,5166785.0,"Broadberry et al. (2015) / Wrigley-Schofield via Bank of England Millennium of Macroeconomic Data v3.1, sheet A2"
1681,5.109031,5109031.0,"Broadberry et al. (2015) / Wrigley-Schofield via Bank of England Millennium of Macroeconomic Data v3.1, sheet A2"
1682,4.962352,4962352.0,"Broadberry et al. (2015) / Wrigley-Schofield via Bank of England Millennium of Macroeconomic Data v3.1, sheet A2"
1683,4.9508410000000005,4950841.000000001,"Broadberry et al. (2015) / Wrigley-Schofield via Bank of England Millennium of Macroeconomic Data v3.1, sheet A2"
1684,4.9438770000000005,4943877.000000001,"Broadberry et al. (2015) / Wrigley-Schofield via Bank of England Millennium of Macroeconomic Data v3.1, sheet A2"
1685,5.012077000000001,5012077.000000001,"Broadberry et al. (2015) / Wrigley-Schofield via Bank of England Millennium of Macroeconomic Data v3.1, sheet A2"
1686,5.036096,5036096.0,"Broadberry et al. (2015) / Wrigley-Schofield via Bank of England Millennium of Macroeconomic Data v3.1, sheet A2"
1687,4.978729,4978729.0,"Broadberry et al. (2015) / Wrigley-Schofield via Bank of England Millennium of Macroeconomic Data v3.1, sheet A2"
1688,4.945834,4945834.0,"Broadberry et al. (2015) / Wrigley-Schofield via Bank of England Millennium of Macroeconomic Data v3.1, sheet A2"
1689,5.042935000000001,5042935.000000001,"Broadberry et al. (2015) / Wrigley-Schofield via Bank of England Millennium of Macroeconomic Data v3.1, sheet A2"
1690,5.039295,5039295.0,"Broadberry et al. (2015) / Wrigley-Schofield via Bank of England Millennium of Macroeconomic Data v3.1, sheet A2"
1691,5.09375,5093750.0,"Broadberry et al. (2015) / Wrigley-Schofield via Bank of England Millennium of Macroeconomic Data v3.1, sheet A2"
1692,5.097574,5097574.0,"Broadberry et al. (2015) / Wrigley-Schofield via Bank of England Millennium of Macroeconomic Data v3.1, sheet A2"
1693,5.121314,5121314.0,"Broadberry et al. (2015) / Wrigley-Schofield via Bank of England Millennium of Macroeconomic Data v3.1, sheet A2"
1694,5.109576,5109576.0,"Broadberry et al. (2015) / Wrigley-Schofield via Bank of England Millennium of Macroeconomic Data v3.1, sheet A2"
1695,5.1097079999999995,5109707.999999999,"Broadberry et al. (2015) / Wrigley-Schofield via Bank of England Millennium of Macroeconomic Data v3.1, sheet A2"
1696,5.118433,5118433.0,"Broadberry et al. (2015) / Wrigley-Schofield via Bank of England Millennium of Macroeconomic Data v3.1, sheet A2"
1697,5.150015000000001,5150015.000000001,"Broadberry et al. (2015) / Wrigley-Schofield via Bank of England Millennium of Macroeconomic Data v3.1, sheet A2"
1698,5.177315999999999,5177315.999999999,"Broadberry et al. (2015) / Wrigley-Schofield via Bank of England Millennium of Macroeconomic Data v3.1, sheet A2"
1699,5.190149,5190149.0,"Broadberry et al. (2015) / Wrigley-Schofield via Bank of England Millennium of Macroeconomic Data v3.1, sheet A2"
1700,5.195805,5195805.0,"Broadberry et al. (2015) / Wrigley-Schofield via Bank of England Millennium of Macroeconomic Data v3.1, sheet A2"
1701,5.210622,5210622.0,"Broadberry et al. (2015) / Wrigley-Schofield via Bank of England Millennium of Macroeconomic Data v3.1, sheet A2"
1702,5.130944,5130944.0,"Broadberry et al. (2015) / Wrigley-Schofield via Bank of England Millennium of Macroeconomic Data v3.1, sheet A2"
1703,5.2590069999999995,5259007.0,"Broadberry et al. (2015) / Wrigley-Schofield via Bank of England Millennium of Macroeconomic Data v3.1, sheet A2"
1704,5.258024000000001,5258024.000000001,"Broadberry et al. (2015) / Wrigley-Schofield via Bank of England Millennium of Macroeconomic Data v3.1, sheet A2"
1705,5.243873,5243873.0,"Broadberry et al. (2015) / Wrigley-Schofield via Bank of England Millennium of Macroeconomic Data v3.1, sheet A2"
1706,5.333593,5333593.0,"Broadberry et al. (2015) / Wrigley-Schofield via Bank of England Millennium of Macroeconomic Data v3.1, sheet A2"
1707,5.324293,5324293.0,"Broadberry et al. (2015) / Wrigley-Schofield via Bank of England Millennium of Macroeconomic Data v3.1, sheet A2"
1708,5.315379,5315379.0,"Broadberry et al. (2015) / Wrigley-Schofield via Bank of England Millennium of Macroeconomic Data v3.1, sheet A2"
1709,5.309902,5309902.0,"Broadberry et al. (2015) / Wrigley-Schofield via Bank of England Millennium of Macroeconomic Data v3.1, sheet A2"
1710,5.38987,5389870.0,"Broadberry et al. (2015) / Wrigley-Schofield via Bank of England Millennium of Macroeconomic Data v3.1, sheet A2"
1711,5.382325,5382325.0,"Broadberry et al. (2015) / Wrigley-Schofield via Bank of England Millennium of Macroeconomic Data v3.1, sheet A2"
1712,5.313727,5313727.0,"Broadberry et al. (2015) / Wrigley-Schofield via Bank of England Millennium of Macroeconomic Data v3.1, sheet A2"
1713,5.310003,5310003.0,"Broadberry et al. (2015) / Wrigley-Schofield via Bank of England Millennium of Macroeconomic Data v3.1, sheet A2"
1714,5.393804,5393804.0,"Broadberry et al. (2015) / Wrigley-Schofield via Bank of England Millennium of Macroeconomic Data v3.1, sheet A2"
1715,5.397729999999999,5397729.999999999,"Broadberry et al. (2015) / Wrigley-Schofield via Bank of England Millennium of Macroeconomic Data v3.1, sheet A2"
1716,5.428305999999999,5428305.999999999,"Broadberry et al. (2015) / Wrigley-Schofield via Bank of England Millennium of Macroeconomic Data v3.1, sheet A2"
1717,5.437161,5437161.0,"Broadberry et al. (2015) / Wrigley-Schofield via Bank of England Millennium of Macroeconomic Data v3.1, sheet A2"
1718,5.491429,5491429.0,"Broadberry et al. (2015) / Wrigley-Schofield via Bank of England Millennium of Macroeconomic Data v3.1, sheet A2"
1719,5.530415,5530415.0,"Broadberry et al. (2015) / Wrigley-Schofield via Bank of England Millennium of Macroeconomic Data v3.1, sheet A2"
1720,5.510036,5510036.0,"Broadberry et al. (2015) / Wrigley-Schofield via Bank of England Millennium of Macroeconomic Data v3.1, sheet A2"
1721,5.5027420000000005,5502742.000000001,"Broadberry et al. (2015) / Wrigley-Schofield via Bank of England Millennium of Macroeconomic Data v3.1, sheet A2"
1722,5.505718,5505718.0,"Broadberry et al. (2015) / Wrigley-Schofield via Bank of England Millennium of Macroeconomic Data v3.1, sheet A2"
1723,5.5231840000000005,5523184.000000001,"Broadberry et al. (2015) / Wrigley-Schofield via Bank of England Millennium of Macroeconomic Data v3.1, sheet A2"
1724,5.540006999999999,5540006.999999999,"Broadberry et al. (2015) / Wrigley-Schofield via Bank of England Millennium of Macroeconomic Data v3.1, sheet A2"
1725,5.55845,5558450.0,"Broadberry et al. (2015) / Wrigley-Schofield via Bank of England Millennium of Macroeconomic Data v3.1, sheet A2"
1726,5.602227,5602227.0,"Broadberry et al. (2015) / Wrigley-Schofield via Bank of England Millennium of Macroeconomic Data v3.1, sheet A2"
1727,5.628488999999999,5628488.999999999,"Broadberry et al. (2015) / Wrigley-Schofield via Bank of England Millennium of Macroeconomic Data v3.1, sheet A2"
1728,5.577742,5577742.0,"Broadberry et al. (2015) / Wrigley-Schofield via Bank of England Millennium of Macroeconomic Data v3.1, sheet A2"
1729,5.478466999999999,5478466.999999999,"Broadberry et al. (2015) / Wrigley-Schofield via Bank of England Millennium of Macroeconomic Data v3.1, sheet A2"
1730,5.420676,5420676.0,"Broadberry et al. (2015) / Wrigley-Schofield via Bank of England Millennium of Macroeconomic Data v3.1, sheet A2"
1731,5.414321,5414321.0,"Broadberry et al. (2015) / Wrigley-Schofield via Bank of England Millennium of Macroeconomic Data v3.1, sheet A2"
1732,5.394667999999999,5394667.999999999,"Broadberry et al. (2015) / Wrigley-Schofield via Bank of England Millennium of Macroeconomic Data v3.1, sheet A2"
1733,5.4375290000000005,5437529.000000001,"Broadberry et al. (2015) / Wrigley-Schofield via Bank of England Millennium of Macroeconomic Data v3.1, sheet A2"
1734,5.515446,5515446.0,"Broadberry et al. (2015) / Wrigley-Schofield via Bank of England Millennium of Macroeconomic Data v3.1, sheet A2"
1735,5.561308,5561308.0,"Broadberry et al. (2015) / Wrigley-Schofield via Bank of England Millennium of Macroeconomic Data v3.1, sheet A2"
1736,5.598932,5598932.0,"Broadberry et al. (2015) / Wrigley-Schofield via Bank of England Millennium of Macroeconomic Data v3.1, sheet A2"
1737,5.6291009999999995,5629100.999999999,"Broadberry et al. (2015) / Wrigley-Schofield via Bank of England Millennium of Macroeconomic Data v3.1, sheet A2"
1738,5.652216,5652216.0,"Broadberry et al. (2015) / Wrigley-Schofield via Bank of England Millennium of Macroeconomic Data v3.1, sheet A2"
1739,5.684087000000001,5684087.000000001,"Broadberry et al. (2015) / Wrigley-Schofield via Bank of England Millennium of Macroeconomic Data v3.1, sheet A2"
1740,5.711805999999999,5711805.999999999,"Broadberry et al. (2015) / Wrigley-Schofield via Bank of England Millennium of Macroeconomic Data v3.1, sheet A2"
1741,5.723207,5723207.0,"Broadberry et al. (2015) / Wrigley-Schofield via Bank of England Millennium of Macroeconomic Data v3.1, sheet A2"
1742,5.664217,5664217.0,"Broadberry et al. (2015) / Wrigley-Schofield via Bank of England Millennium of Macroeconomic Data v3.1, sheet A2"
1743,5.660026,5660026.0,"Broadberry et al. (2015) / Wrigley-Schofield via Bank of England Millennium of Macroeconomic Data v3.1, sheet A2"
1744,5.695178,5695178.0,"Broadberry et al. (2015) / Wrigley-Schofield via Bank of England Millennium of Macroeconomic Data v3.1, sheet A2"
1745,5.750497,5750497.0,"Broadberry et al. (2015) / Wrigley-Schofield via Bank of England Millennium of Macroeconomic Data v3.1, sheet A2"
1746,5.781808,5781808.0,"Broadberry et al. (2015) / Wrigley-Schofield via Bank of England Millennium of Macroeconomic Data v3.1, sheet A2"
1747,5.805091,5805091.0,"Broadberry et al. (2015) / Wrigley-Schofield via Bank of England Millennium of Macroeconomic Data v3.1, sheet A2"
1748,5.816618,5816618.0,"Broadberry et al. (2015) / Wrigley-Schofield via Bank of England Millennium of Macroeconomic Data v3.1, sheet A2"
1749,5.851017,5851017.0,"Broadberry et al. (2015) / Wrigley-Schofield via Bank of England Millennium of Macroeconomic Data v3.1, sheet A2"
1750,5.888264,5888264.0,"Broadberry et al. (2015) / Wrigley-Schofield via Bank of England Millennium of Macroeconomic Data v3.1, sheet A2"
1751,5.921907,5921907.0,"Broadberry et al. (2015) / Wrigley-Schofield via Bank of England Millennium of Macroeconomic Data v3.1, sheet A2"
1752,5.960980999999999,5960980.999999999,"Broadberry et al. (2015) / Wrigley-Schofield via Bank of England Millennium of Macroeconomic Data v3.1, sheet A2"
1753,6.007521,6007521.0,"Broadberry et al. (2015) / Wrigley-Schofield via Bank of England Millennium of Macroeconomic Data v3.1, sheet A2"
1754,6.052434,6052434.0,"Broadberry et al. (2015) / Wrigley-Schofield via Bank of England Millennium of Macroeconomic Data v3.1, sheet A2"
1755,6.096763,6096763.0,"Broadberry et al. (2015) / Wrigley-Schofield via Bank of England Millennium of Macroeconomic Data v3.1, sheet A2"
1756,6.148555,6148555.0,"Broadberry et al. (2015) / Wrigley-Schofield via Bank of England Millennium of Macroeconomic Data v3.1, sheet A2"
1757,6.177649000000001,6177649.000000001,"Broadberry et al. (2015) / Wrigley-Schofield via Bank of England Millennium of Macroeconomic Data v3.1, sheet A2"
1758,6.196146,6196146.0,"Broadberry et al. (2015) / Wrigley-Schofield via Bank of England Millennium of Macroeconomic Data v3.1, sheet A2"
1759,6.221832999999999,6221832.999999999,"Broadberry et al. (2015) / Wrigley-Schofield via Bank of England Millennium of Macroeconomic Data v3.1, sheet A2"
1760,6.262599,6262599.0,"Broadberry et al. (2015) / Wrigley-Schofield via Bank of England Millennium of Macroeconomic Data v3.1, sheet A2"
1761,6.310339,6310339.0,"Broadberry et al. (2015) / Wrigley-Schofield via Bank of England Millennium of Macroeconomic Data v3.1, sheet A2"
1762,6.338572,6338572.0,"Broadberry et al. (2015) / Wrigley-Schofield via Bank of England Millennium of Macroeconomic Data v3.1, sheet A2"
1763,6.326855999999999,6326855.999999999,"Broadberry et al. (2015) / Wrigley-Schofield via Bank of England Millennium of Macroeconomic Data v3.1, sheet A2"
1764,6.361342,6361342.0,"Broadberry et al. (2015) / Wrigley-Schofield via Bank of England Millennium of Macroeconomic Data v3.1, sheet A2"
1765,6.415198,6415198.0,"Broadberry et al. (2015) / Wrigley-Schofield via Bank of England Millennium of Macroeconomic Data v3.1, sheet A2"
1766,6.448732,6448732.0,"Broadberry et al. (2015) / Wrigley-Schofield via Bank of England Millennium of Macroeconomic Data v3.1, sheet A2"
1767,6.467029999999999,6467029.999999999,"Broadberry et al. (2015) / Wrigley-Schofield via Bank of England Millennium of Macroeconomic Data v3.1, sheet A2"
1768,6.486827,6486827.0,"Broadberry et al. (2015) / Wrigley-Schofield via Bank of England Millennium of Macroeconomic Data v3.1, sheet A2"
1769,6.5309989999999996,6530999.0,"Broadberry et al. (2015) / Wrigley-Schofield via Bank of England Millennium of Macroeconomic Data v3.1, sheet A2"
1770,6.579743000000001,6579743.000000001,"Broadberry et al. (2015) / Wrigley-Schofield via Bank of England Millennium of Macroeconomic Data v3.1, sheet A2"
1771,6.623359000000001,6623359.000000001,"Broadberry et al. (2015) / Wrigley-Schofield via Bank of England Millennium of Macroeconomic Data v3.1, sheet A2"
1772,6.673919,6673919.0,"Broadberry et al. (2015) / Wrigley-Schofield via Bank of England Millennium of Macroeconomic Data v3.1, sheet A2"
1773,6.726828,6726828.0,"Broadberry et al. (2015) / Wrigley-Schofield via Bank of England Millennium of Macroeconomic Data v3.1, sheet A2"
1774,6.775929,6775929.0,"Broadberry et al. (2015) / Wrigley-Schofield via Bank of England Millennium of Macroeconomic Data v3.1, sheet A2"
1775,6.8479470000000005,6847947.0,"Broadberry et al. (2015) / Wrigley-Schofield via Bank of England Millennium of Macroeconomic Data v3.1, sheet A2"
1776,6.913474,6913474.0,"Broadberry et al. (2015) / Wrigley-Schofield via Bank of England Millennium of Macroeconomic Data v3.1, sheet A2"
1777,6.979029000000001,6979029.000000001,"Broadberry et al. (2015) / Wrigley-Schofield via Bank of England Millennium of Macroeconomic Data v3.1, sheet A2"
1778,7.050435,7050435.0,"Broadberry et al. (2015) / Wrigley-Schofield via Bank of England Millennium of Macroeconomic Data v3.1, sheet A2"
1779,7.116142,7116142.0,"Broadberry et al. (2015) / Wrigley-Schofield via Bank of England Millennium of Macroeconomic Data v3.1, sheet A2"
1780,7.1547600000000005,7154760.0,"Broadberry et al. (2015) / Wrigley-Schofield via Bank of England Millennium of Macroeconomic Data v3.1, sheet A2"
1781,7.206139,7206139.0,"Broadberry et al. (2015) / Wrigley-Schofield via Bank of England Millennium of Macroeconomic Data v3.1, sheet A2"
1782,7.230818,7230818.0,"Broadberry et al. (2015) / Wrigley-Schofield via Bank of England Millennium of Macroeconomic Data v3.1, sheet A2"
1783,7.284,7284000.0,"Broadberry et al. (2015) / Wrigley-Schofield via Bank of England Millennium of Macroeconomic Data v3.1, sheet A2"
1784,7.300587,7300587.0,"Broadberry et al. (2015) / Wrigley-Schofield via Bank of England Millennium of Macroeconomic Data v3.1, sheet A2"
1785,7.367578000000001,7367578.000000001,"Broadberry et al. (2015) / Wrigley-Schofield via Bank of England Millennium of Macroeconomic Data v3.1, sheet A2"
1786,7.433688,7433688.0,"Broadberry et al. (2015) / Wrigley-Schofield via Bank of England Millennium of Macroeconomic Data v3.1, sheet A2"
1787,7.508406,7508406.0,"Broadberry et al. (2015) / Wrigley-Schofield via Bank of England Millennium of Macroeconomic Data v3.1, sheet A2"
1788,7.59159,7591590.0,"Broadberry et al. (2015) / Wrigley-Schofield via Bank of England Millennium of Macroeconomic Data v3.1, sheet A2"
1789,7.665834,7665834.0,"Broadberry et al. (2015) / Wrigley-Schofield via Bank of England Millennium of Macroeconomic Data v3.1, sheet A2"
1790,7.7621009999999995,7762100.999999999,"Broadberry et al. (2015) / Wrigley-Schofield via Bank of England Millennium of Macroeconomic Data v3.1, sheet A2"
1791,7.8456779999999995,7845677.999999999,"Broadberry et al. (2015) / Wrigley-Schofield via Bank of England Millennium of Macroeconomic Data v3.1, sheet A2"
1792,7.937411,7937411.0,"Broadberry et al. (2015) / Wrigley-Schofield via Bank of England Millennium of Macroeconomic Data v3.1, sheet A2"
1793,8.022417,8022417.000000001,"Broadberry et al. (2015) / Wrigley-Schofield via Bank of England Millennium of Macroeconomic Data v3.1, sheet A2"
1794,8.100997999999999,8100997.999999999,"Broadberry et al. (2015) / Wrigley-Schofield via Bank of England Millennium of Macroeconomic Data v3.1, sheet A2"
1795,8.169106,8169105.999999999,"Broadberry et al. (2015) / Wrigley-Schofield via Bank of England Millennium of Macroeconomic Data v3.1, sheet A2"
1796,8.256325,8256325.0,"Broadberry et al. (2015) / Wrigley-Schofield via Bank of England Millennium of Macroeconomic Data v3.1, sheet A2"
1797,8.33374,8333740.000000001,"Broadberry et al. (2015) / Wrigley-Schofield via Bank of England Millennium of Macroeconomic Data v3.1, sheet A2"
1798,8.435048,8435048.0,"Broadberry et al. (2015) / Wrigley-Schofield via Bank of England Millennium of Macroeconomic Data v3.1, sheet A2"
1799,8.525739999999999,8525739.999999998,"Broadberry et al. (2015) / Wrigley-Schofield via Bank of England Millennium of Macroeconomic Data v3.1, sheet A2"
1800,8.619513000000001,8619513.000000002,"Broadberry et al. (2015) / Wrigley-Schofield via Bank of England Millennium of Macroeconomic Data v3.1, sheet A2"
1801,8.671439,8671439.0,"Broadberry et al. (2015) / Wrigley-Schofield via Bank of England Millennium of Macroeconomic Data v3.1, sheet A2"
1802,8.730844999999999,8730844.999999998,"Broadberry et al. (2015) / Wrigley-Schofield via Bank of England Millennium of Macroeconomic Data v3.1, sheet A2"
1803,8.831874,8831874.0,"Broadberry et al. (2015) / Wrigley-Schofield via Bank of England Millennium of Macroeconomic Data v3.1, sheet A2"
1804,8.945472,8945472.0,"Broadberry et al. (2015) / Wrigley-Schofield via Bank of England Millennium of Macroeconomic Data v3.1, sheet A2"
1805,9.092471,9092471.0,"Broadberry et al. (2015) / Wrigley-Schofield via Bank of England Millennium of Macroeconomic Data v3.1, sheet A2"
1806,9.232495,9232495.0,"Broadberry et al. (2015) / Wrigley-Schofield via Bank of England Millennium of Macroeconomic Data v3.1, sheet A2"
1807,9.367758,9367758.0,"Broadberry et al. (2015) / Wrigley-Schofield via Bank of England Millennium of Macroeconomic Data v3.1, sheet A2"
1808,9.49847,9498470.0,"Broadberry et al. (2015) / Wrigley-Schofield via Bank of England Millennium of Macroeconomic Data v3.1, sheet A2"
1809,9.623669,9623669.0,"Broadberry et al. (2015) / Wrigley-Schofield via Bank of England Millennium of Macroeconomic Data v3.1, sheet A2"
1810,9.737937,9737937.0,"Broadberry et al. (2015) / Wrigley-Schofield via Bank of England Millennium of Macroeconomic Data v3.1, sheet A2"
1811,9.863959000000001,9863959.000000002,"Broadberry et al. (2015) / Wrigley-Schofield via Bank of England Millennium of Macroeconomic Data v3.1, sheet A2"
1812,9.988059,9988059.0,"Broadberry et al. (2015) / Wrigley-Schofield via Bank of England Millennium of Macroeconomic Data v3.1, sheet A2"
1813,10.14077,10140770.0,"Broadberry et al. (2015) / Wrigley-Schofield via Bank of England Millennium of Macroeconomic Data v3.1, sheet A2"
1814,10.274049999999999,10274049.999999998,"Broadberry et al. (2015) / Wrigley-Schofield via Bank of England Millennium of Macroeconomic Data v3.1, sheet A2"
1815,10.45806,10458060.0,"Broadberry et al. (2015) / Wrigley-Schofield via Bank of England Millennium of Macroeconomic Data v3.1, sheet A2"
1816,10.62838,10628380.0,"Broadberry et al. (2015) / Wrigley-Schofield via Bank of England Millennium of Macroeconomic Data v3.1, sheet A2"
1817,10.801770000000001,10801770.000000002,"Broadberry et al. (2015) / Wrigley-Schofield via Bank of England Millennium of Macroeconomic Data v3.1, sheet A2"
1818,10.95725,10957250.0,"Broadberry et al. (2015) / Wrigley-Schofield via Bank of England Millennium of Macroeconomic Data v3.1, sheet A2"
1819,11.12151,11121510.0,"Broadberry et al. (2015) / Wrigley-Schofield via Bank of England Millennium of Macroeconomic Data v3.1, sheet A2"
1820,11.26775,11267750.0,"Broadberry et al. (2015) / Wrigley-Schofield via Bank of England Millennium of Macroeconomic Data v3.1, sheet A2"
1821,11.456809999999999,11456809.999999998,"Broadberry et al. (2015) / Wrigley-Schofield via Bank of England Millennium of Macroeconomic Data v3.1, sheet A2"
1822,11.65227,11652270.0,"Broadberry et al. (2015) / Wrigley-Schofield via Bank of England Millennium of Macroeconomic Data v3.1, sheet A2"
1823,11.83911,11839110.0,"Broadberry et al. (2015) / Wrigley-Schofield via Bank of England Millennium of Macroeconomic Data v3.1, sheet A2"
1824,12.01661,12016610.0,"Broadberry et al. (2015) / Wrigley-Schofield via Bank of England Millennium of Macroeconomic Data v3.1, sheet A2"
1825,12.207690000000001,12207690.000000002,"Broadberry et al. (2015) / Wrigley-Schofield via Bank of England Millennium of Macroeconomic Data v3.1, sheet A2"
1826,12.37375,12373750.0,"Broadberry et al. (2015) / Wrigley-Schofield via Bank of England Millennium of Macroeconomic Data v3.1, sheet A2"
1827,12.52784,12527840.0,"Broadberry et al. (2015) / Wrigley-Schofield via Bank of England Millennium of Macroeconomic Data v3.1, sheet A2"
1828,12.72769,12727690.0,"Broadberry et al. (2015) / Wrigley-Schofield via Bank of England Millennium of Macroeconomic Data v3.1, sheet A2"
1829,12.903030000000001,12903030.000000002,"Broadberry et al. (2015) / Wrigley-Schofield via Bank of England Millennium of Macroeconomic Data v3.1, sheet A2"
1830,13.07414,13074140.0,"Broadberry et al. (2015) / Wrigley-Schofield via Bank of England Millennium of Macroeconomic Data v3.1, sheet A2"
1831,13.25405,13254050.0,"Broadberry et al. (2015) / Wrigley-Schofield via Bank of England Millennium of Macroeconomic Data v3.1, sheet A2"
1832,13.39434,13394340.0,"Broadberry et al. (2015) / Wrigley-Schofield via Bank of England Millennium of Macroeconomic Data v3.1, sheet A2"
1833,13.56508,13565080.0,"Broadberry et al. (2015) / Wrigley-Schofield via Bank of England Millennium of Macroeconomic Data v3.1, sheet A2"
1834,13.76037,13760370.0,"Broadberry et al. (2015) / Wrigley-Schofield via Bank of England Millennium of Macroeconomic Data v3.1, sheet A2"
1835,13.92132,13921320.0,"Broadberry et al. (2015) / Wrigley-Schofield via Bank of England Millennium of Macroeconomic Data v3.1, sheet A2"
1836,14.09952,14099520.0,"Broadberry et al. (2015) / Wrigley-Schofield via Bank of England Millennium of Macroeconomic Data v3.1, sheet A2"
1837,14.26131,14261310.0,"Broadberry et al. (2015) / Wrigley-Schofield via Bank of England Millennium of Macroeconomic Data v3.1, sheet A2"
1838,14.416,14416000.0,"Broadberry et al. (2015) / Wrigley-Schofield via Bank of England Millennium of Macroeconomic Data v3.1, sheet A2"
1839,14.59444,14594440.0,"Broadberry et al. (2015) / Wrigley-Schofield via Bank of England Millennium of Macroeconomic Data v3.1, sheet A2"
1840,14.76938,14769380.0,"Broadberry et al. (2015) / Wrigley-Schofield via Bank of England Millennium of Macroeconomic Data v3.1, sheet A2"
1841,14.93671,14936710.0,"Broadberry et al. (2015) / Wrigley-Schofield via Bank of England Millennium of Macroeconomic Data v3.1, sheet A2"
1842,15.130469999999999,15130469.999999998,"Broadberry et al. (2015) / Wrigley-Schofield via Bank of England Millennium of Macroeconomic Data v3.1, sheet A2"
1843,15.31042,15310420.0,"Broadberry et al. (2015) / Wrigley-Schofield via Bank of England Millennium of Macroeconomic Data v3.1, sheet A2"
1844,15.508209999999998,15508209.999999998,"Broadberry et al. (2015) / Wrigley-Schofield via Bank of England Millennium of Macroeconomic Data v3.1, sheet A2"
1845,15.69148,15691480.0,"Broadberry et al. (2015) / Wrigley-Schofield via Bank of England Millennium of Macroeconomic Data v3.1, sheet A2"
1846,15.910020000000001,15910020.000000002,"Broadberry et al. (2015) / Wrigley-Schofield via Bank of England Millennium of Macroeconomic Data v3.1, sheet A2"
1847,16.03783,16037830.0,"Broadberry et al. (2015) / Wrigley-Schofield via Bank of England Millennium of Macroeconomic Data v3.1, sheet A2"
1848,16.16532,16165320.000000002,"Broadberry et al. (2015) / Wrigley-Schofield via Bank of England Millennium of Macroeconomic Data v3.1, sheet A2"
1849,16.35821,16358210.0,"Broadberry et al. (2015) / Wrigley-Schofield via Bank of England Millennium of Macroeconomic Data v3.1, sheet A2"
1850,16.50609,16506090.0,"Broadberry et al. (2015) / Wrigley-Schofield via Bank of England Millennium of Macroeconomic Data v3.1, sheet A2"
1851,16.736084,16736084.000000002,"Broadberry et al. (2015) / Wrigley-Schofield via Bank of England Millennium of Macroeconomic Data v3.1, sheet A2"
1852,16.952384,16952384.0,"Broadberry et al. (2015) / Wrigley-Schofield via Bank of England Millennium of Macroeconomic Data v3.1, sheet A2"
1853,17.144592,17144592.0,"Broadberry et al. (2015) / Wrigley-Schofield via Bank of England Millennium of Macroeconomic Data v3.1, sheet A2"
1854,17.352736,17352736.0,"Broadberry et al. (2015) / Wrigley-Schofield via Bank of England Millennium of Macroeconomic Data v3.1, sheet A2"
1855,17.516176,17516176.0,"Broadberry et al. (2015) / Wrigley-Schofield via Bank of England Millennium of Macroeconomic Data v3.1, sheet A2"
1856,17.76392,17763920.0,"Broadberry et al. (2015) / Wrigley-Schofield via Bank of England Millennium of Macroeconomic Data v3.1, sheet A2"
1857,18.015056,18015056.0,"Broadberry et al. (2015) / Wrigley-Schofield via Bank of England Millennium of Macroeconomic Data v3.1, sheet A2"
1858,18.2268,18226800.0,"Broadberry et al. (2015) / Wrigley-Schofield via Bank of England Millennium of Macroeconomic Data v3.1, sheet A2"
1859,18.44232,18442320.0,"Broadberry et al. (2015) / Wrigley-Schofield via Bank of England Millennium of Macroeconomic Data v3.1, sheet A2"
1860,18.682352,18682352.0,"Broadberry et al. (2015) / Wrigley-Schofield via Bank of England Millennium of Macroeconomic Data v3.1, sheet A2"
1861,18.937536,18937536.0,"Broadberry et al. (2015) / Wrigley-Schofield via Bank of England Millennium of Macroeconomic Data v3.1, sheet A2"
1862,19.197408,19197408.0,"Broadberry et al. (2015) / Wrigley-Schofield via Bank of England Millennium of Macroeconomic Data v3.1, sheet A2"
1863,19.453744,19453744.0,"Broadberry et al. (2015) / Wrigley-Schofield via Bank of England Millennium of Macroeconomic Data v3.1, sheet A2"
1864,19.689072,19689072.0,"Broadberry et al. (2015) / Wrigley-Schofield via Bank of England Millennium of Macroeconomic Data v3.1, sheet A2"
1865,19.930656,19930656.0,"Broadberry et al. (2015) / Wrigley-Schofield via Bank of England Millennium of Macroeconomic Data v3.1, sheet A2"
1866,20.166624,20166624.0,"Broadberry et al. (2015) / Wrigley-Schofield via Bank of England Millennium of Macroeconomic Data v3.1, sheet A2"
1867,20.426416,20426416.0,"Broadberry et al. (2015) / Wrigley-Schofield via Bank of England Millennium of Macroeconomic Data v3.1, sheet A2"
1868,20.72496,20724960.0,"Broadberry et al. (2015) / Wrigley-Schofield via Bank of England Millennium of Macroeconomic Data v3.1, sheet A2"
1869,20.97896,20978960.0,"Broadberry et al. (2015) / Wrigley-Schofield via Bank of England Millennium of Macroeconomic Data v3.1, sheet A2"
1870,21.239824,21239824.0,"Broadberry et al. (2015) / Wrigley-Schofield via Bank of England Millennium of Macroeconomic Data v3.1, sheet A2"
