year,wheat_wage_artabas,n_obs,log_wage
57,18.501493333333336,2,2.917851449547258
61,16.461291851851854,2,2.8010116764858286
78,16.558751531118748,4,2.8069147554821714
92,30.847462222222227,4,3.4290544851272595
100,25.69230927835052,2,3.246191697247368
103,27.75224,2,3.323316557655422
104,22.021979381443302,2,3.0920410174201094
105,22.021979381443302,2,3.0920410174201094
106,17.62314720122184,4,2.8692132198375564
110,13.947253608247426,2,2.6352826149243946
112,23.73785860824743,8,3.1670711832701017
114,16.461291851851854,2,2.8010116764858286
117,18.351649484536082,2,2.9097194606261545
121,24.668657777777778,2,3.2055335219990386
122,25.69230927835052,2,3.246191697247368
126,33.03296907216495,2,3.4975061255282736
128,22.021979381443302,2,3.0920410174201094
132,36.9108507674685,6,3.608505566558668
134,28.795620740740738,2,3.3602233179668004
150,28.0294445291402,22,3.333255547967858
155,27.497344841542574,4,3.3140894487945234
156,21.585075555555555,4,3.072002129374516
159,29.295806491027115,4,3.377444382606787
161,29.362639175257733,2,3.37972308987189
166,7.257918139534884,2,1.9820930300740478
168,18.608894536082474,2,2.923639667282209
175,25.239472433469196,4,3.2284091354525497
216,13.562081860465115,2,2.6072778002606225
218,15.49287069767442,2,2.740379963124711
240,31.446785567010313,2,3.4482967701966616
248,12.212857674418604,2,2.5024893045075705
250,26.3232812112781,10,3.270453764768941
255,20.46347220469507,4,3.0186414530992245
258,25.016195876288663,2,3.219523450165206
260,34.19145370761396,4,3.5319757212502183
262,24.54229879518072,2,3.200398110330733
309,8.328,2,2.119623331312668
314,11.89430144329897,4,2.4760594151114677
325,23.061619999999998,2,3.1381697638911703
360,11.104,2,2.4073054037644486
377,12.23443298969072,2,2.50425435251799
450,12.492,2,2.5250884394208324
471,27.759999999999998,2,3.3235961356386037
500,10.396585051546392,4,2.3414773917970058
519,9.10875,4,2.2092354900023548
525,48.02551546391753,2,3.8717324418384047
550,12.865371999999999,10,2.5545393609783082
588,25.42122,2,3.2355842583153906
593,8.473740000000001,2,2.136971969647281
595,8.473740000000001,2,2.136971969647281
600,18.394470000000002,4,2.9120500759644368
604,36.78894,2,3.605197256524382
608,10.21568,2,2.3239237948253977
609,24.52596,2,3.199732148416218
611,40.46714,2,3.700490286758732
612,4.04602,2,1.3977336818870685
616,12.26298,2,2.5065849678562726
635,18.397940000000002,2,2.9122387018256015
641,24.637,2,3.2042493780060375
650,17.104786666666666,6,2.8393583463650436
