year,silver_g_per_hl,n_obs,period,log_price
45,16.95,1,1-3C,2.830267833826459
46,18.3,2,1-3C,2.9069010598473755
78,23.1,1,1-3C,3.139832617527748
100,10.8,1,1-3C,2.379546134130174
115,15.2,1,1-3C,2.7212954278522306
124,19.5,1,1-3C,2.970414465569701
128,26.0,1,1-3C,3.258096538021482
138,12.1,1,1-3C,2.4932054526026954
160,4.6,1,1-3C,1.5260563034950492
188,36.1,3,1-3C,3.586292865338835
192,40.43,1,1-3C,3.6995720836526793
216,37.833333333333336,3,1-3C,3.6331905482533475
218,31.59,1,1-3C,3.4528406148139936
234,26.0,1,1-3C,3.258096538021482
249,52.0,1,1-3C,3.9512437185814275
250,43.3,1,1-3C,3.768152635008444
251,43.3,1,1-3C,3.768152635008444
252,52.0,1,1-3C,3.9512437185814275
253,34.7,1,1-3C,3.5467396869528134
254,26.0,1,1-3C,3.258096538021482
255,34.7,1,1-3C,3.5467396869528134
257,26.0,1,1-3C,3.258096538021482
258,34.7,1,1-3C,3.5467396869528134
259,34.7,1,1-3C,3.5467396869528134
260,30.35,2,1-3C,3.4127965175055075
263,26.0,1,1-3C,3.258096538021482
270,52.0,1,1-3C,3.9512437185814275
282,26.0,1,1-3C,3.258096538021482
301,22.35,1,4C,3.106826321059578
304,31.2,1,4C,3.4404180948154366
305,21.41,1,4C,3.0638581026015914
308,24.74,1,4C,3.208421366964342
311,26.0,1,4C,3.258096538021482
312,17.18,1,4C,2.8437459165561094
314,40.73,1,4C,3.706964921660321
315,17.45,1,4C,2.859339648648436
320,32.21666666666667,3,4C,3.4724839169862305
327,11.17,1,4C,2.413231613081109
335,26.95,2,4C,3.2939832973550063
338,27.92,1,4C,3.329343277894172
340,22.336666666666662,3,4C,3.1062295733169694
345,27.34,1,4C,3.3083508312958037
352,9.58,1,4C,2.259677591982769
358,13.12,1,4C,2.574137783515943
359,25.1,1,4C,3.2228678461377385
366,10.11,1,4C,2.3135250330323798
370,17.233333333333334,3,4C,2.8468454928462736
375,14.5,1,5-7C,2.6741486494265287
423,14.13,1,5-7C,2.6483001966964363
445,18.84,1,5-7C,2.935982269148217
450,16.2,1,5-7C,2.785011242238338
500,13.2,2,5-7C,2.580216829592325
504,29.65,2,5-7C,3.3894621254437345
512,16.9,2,5-7C,2.8273136219290276
514,40.6,1,5-7C,3.703768066607687
538,20.3,1,5-7C,3.0106208860477417
540,15.7,1,5-7C,2.7536607123542622
541,18.84,1,5-7C,2.935982269148217
545,21.85,2,5-7C,3.084200921541599
550,17.0,8,5-7C,2.833213344056216
557,8.125,1,5-7C,2.094945728215801
566,9.8625,2,5-7C,2.2887396861719926
575,14.966666666666667,3,5-7C,2.705825506080099
578,17.7,1,5-7C,2.8735646395797834
588,15.299999999999999,3,5-7C,2.72785282839839
592,16.2,1,5-7C,2.785011242238338
609,5.6,1,5-7C,1.7227665977411035
650,10.7425,6,5-7C,2.374207836667013
