lag,beta,se,p,ci_lo,ci_hi,family
-5,0.09710732691020245,0.07800504785373642,0.2131739645451156,-0.05578256688312093,0.2499972207035258,pandemic_v2_family_antonine
-4,-0.2589926707662094,0.08348900526435349,0.001921419373130907,-0.42263112108434225,-0.09535422044807657,pandemic_v2_family_antonine
-3,-0.07871820327544565,0.03769680232557247,0.036780417651354126,-0.15260393583356768,-0.004832470717323609,pandemic_v2_family_antonine
-2,0.0197507049907069,0.07645889696732347,0.7961615395441037,-0.13010873306524712,0.1696101430466609,pandemic_v2_family_antonine
-1,0.1464367898329854,0.10578554338754094,0.16627279970889797,-0.06090287520659485,0.3537764548725656,pandemic_v2_family_antonine
0,-0.07316468017253099,0.04379773803955205,0.09481795735415227,-0.159008246730053,0.01267888638499104,pandemic_v2_family_antonine
1,-0.2016180192765641,0.13607137598342273,0.13841806051251115,-0.46831791620407265,0.06508187765094448,pandemic_v2_family_antonine
2,0.10967514539159928,0.08170436262922384,0.17948533810630707,-0.050465405361679455,0.269815696144878,pandemic_v2_family_antonine
3,0.34956118558886407,0.11573239272772973,0.002524189666177889,0.1227256958425138,0.5763966753352143,pandemic_v2_family_antonine
4,-0.280435154504161,0.056739323206654896,7.711978554258673e-07,-0.3916442279892046,-0.1692260810191174,pandemic_v2_family_antonine
5,0.24588630276173576,0.0888799835141511,0.005666192045510794,0.0716815350739996,0.4200910704494719,pandemic_v2_family_antonine
6,0.2713708842349525,0.12126678410653698,0.025234060203799643,0.03368798738614001,0.509053781083765,pandemic_v2_family_antonine
7,-0.13405357687758085,0.05289644814453388,0.011268372476415354,-0.23773061524086725,-0.03037653851429445,pandemic_v2_family_antonine
8,-0.18046770012968028,0.13195547443292024,0.17142451623919996,-0.4391004300182039,0.07816502975884337,pandemic_v2_family_antonine
9,0.12537320221427184,0.10942680010750677,0.2519082691277873,-0.08910332599644144,0.3398497304249851,pandemic_v2_family_antonine
10,0.031177743804935536,0.08609140081291322,0.7172421719226295,-0.13756140178837437,0.19991688939824545,pandemic_v2_family_antonine
-5,-0.4677541335639316,0.11356379562368918,3.807403422417108e-05,-0.6903391729863624,-0.2451690941415008,pandemic_v2_family_cyprian
-4,0.2290988664133614,0.1438576186344856,0.11126365001987291,-0.052862066110230366,0.5110597989369532,pandemic_v2_family_cyprian
-3,0.01894026427491864,0.11493921014341597,0.8691131661716347,-0.20634058760617668,0.24422111615601394,pandemic_v2_family_cyprian
-2,0.09709219742550093,0.15662289018099085,0.5353166147141442,-0.20988866732924114,0.40407306218024297,pandemic_v2_family_cyprian
-1,-0.2238882460702848,0.1490444277789504,0.13305636677792465,-0.5160153245170276,0.068238832376458,pandemic_v2_family_cyprian
0,-0.05782336435199377,0.07544061745584599,0.4433935869534471,-0.20568697456545193,0.09004024586146438,pandemic_v2_family_cyprian
1,0.049616756750270545,0.09529013121020691,0.6025817302980732,-0.13715190042173497,0.23638541392227608,pandemic_v2_family_cyprian
2,0.06693836124706747,0.13954635335658871,0.6314510451492301,-0.2065724913318464,0.34044921382598137,pandemic_v2_family_cyprian
3,-0.21012522652556678,0.16249226958633314,0.1959627002119455,-0.5286100749147797,0.1083596218636462,pandemic_v2_family_cyprian
4,-0.04049976588586256,0.11070893010889264,0.7144978778296616,-0.25748926889929213,0.176489737127567,pandemic_v2_family_cyprian
5,0.11494508877755139,0.17194032674623136,0.5038034211357159,-0.2220579516450621,0.45194812920016486,pandemic_v2_family_cyprian
6,-0.2057149804346248,0.14956916135565165,0.16901253233923563,-0.498870536691702,0.08744057582245243,pandemic_v2_family_cyprian
7,0.013030681145836545,0.12664407169410288,0.9180485659925592,-0.2351916993746051,0.2612530616662782,pandemic_v2_family_cyprian
8,0.04542924161151459,0.06241854875944662,0.4667260019793503,-0.07691111395700079,0.16776959718002996,pandemic_v2_family_cyprian
9,0.21385872646750806,0.11118371888611583,0.05442084892713426,-0.0040613625492789684,0.4317788154842951,pandemic_v2_family_cyprian
10,-0.35339268777825383,0.1315055452271369,0.007203577402136081,-0.6111435564234422,-0.09564181913306552,pandemic_v2_family_cyprian
-5,-0.01933855283660084,0.012975845303129598,0.1361321957922611,-0.044771209630734846,0.006094103957533171,pandemic_v2_family_justinianic
-4,0.004665835643899403,0.01277851963698243,0.7150135051445288,-0.020380062844586162,0.029711734132384968,pandemic_v2_family_justinianic
-3,-0.006193937058937791,0.011522959409973577,0.5909015269394597,-0.028778937502486,0.016391063384610417,pandemic_v2_family_justinianic
-2,0.016659037758498252,0.01109316306477675,0.13316447748008126,-0.005083561848464178,0.03840163736546068,pandemic_v2_family_justinianic
-1,-0.02717054191700258,0.014896395640333845,0.06815698167902048,-0.05636747737205691,0.002026393538051754,pandemic_v2_family_justinianic
0,0.004592260195919532,0.01314294020429565,0.7267823574285865,-0.021167902604499942,0.030352422996339005,pandemic_v2_family_justinianic
1,-0.0046436653449151944,0.011907100806359839,0.6965430036621496,-0.02798158292538048,0.018694252235550088,pandemic_v2_family_justinianic
2,-0.007721075207096386,0.01535312598521466,0.6150351238543474,-0.03781320213811712,0.022371051723924347,pandemic_v2_family_justinianic
3,0.0023253725985030657,0.014980989347336078,0.8766466486154828,-0.027037366522275647,0.03168811171928178,pandemic_v2_family_justinianic
4,-0.0283053242293301,0.013164747934362061,0.031548508909087676,-0.05410823018067974,-0.002502418277980461,pandemic_v2_family_justinianic
5,0.01660444085949616,0.016925886553451612,0.32658848347637626,-0.016570296785269,0.04977917850426132,pandemic_v2_family_justinianic
6,-0.008374301945726258,0.01705711694594253,0.6234572347859046,-0.041806251159773614,0.0250576472683211,pandemic_v2_family_justinianic
7,-0.01125705575301462,0.013570923356392884,0.40682258590324005,-0.03785606553154467,0.015341954025515433,pandemic_v2_family_justinianic
8,-0.02052311027445569,0.018389496692203827,0.2644120799619165,-0.056566523791175195,0.015520303242263812,pandemic_v2_family_justinianic
9,-0.002783947788237113,0.01442092857155391,0.8469204875251725,-0.031048967788482776,0.02548107221200855,pandemic_v2_family_justinianic
10,-0.021921608989231303,0.018122537306377758,0.22641996516095542,-0.05744178210973171,0.0135985641312691,pandemic_v2_family_justinianic
