lag,beta,se,p,ci_lo,ci_hi
-10,-0.0167105601612782,0.025359232099900146,0.5099254920962146,-0.06641465507708248,0.032993534754526085
-9,0.030867059005567528,0.016622606979568997,0.06332075914096666,-0.001713250674387705,0.06344736868552275
-8,0.0036646259917266465,0.01599318112171713,0.8187626090930379,-0.02768200900683893,0.035011260990292226
-7,0.02150959360635226,0.026235210883121942,0.4122873680974892,-0.02991141972456674,0.07293060693727127
-6,-0.027768442074650967,0.016653767208329586,0.09543548294184202,-0.06040982580297695,0.004872941653675019
-5,0.0022873769726492153,0.013300688876267766,0.8634577150509678,-0.023781973224835606,0.028356727170134037
-4,0.00099921661573519,0.013516789908945597,0.9410707741735966,-0.02549369160579818,0.02749212483726856
-3,0.0011016645689115373,0.01294329861086959,0.9321702289501337,-0.024267200708392857,0.026470529846215934
-2,0.0156427081237002,0.013286373305419026,0.23905594253746032,-0.010398583554921088,0.041683999802321486
-1,-0.0129661870094427,0.017508019615181267,0.4589447488000088,-0.04728190545519798,0.02134953143631258
0,0.0004129601265897686,0.01376901861113959,0.9760734495719535,-0.026574316351243826,0.027400236604423367
1,0.0005166883035019644,0.01233142380029314,0.9665783099737154,-0.02365290234507259,0.024686278952076517
2,-0.002635397784885616,0.014142603763389518,0.852174537302922,-0.030354901161129072,0.02508410559135784
3,0.003953896297757796,0.01634090647634628,0.8088087599495982,-0.02807428039588091,0.0359820729913965
4,-0.025881423878288606,0.014171480626576898,0.0678045667239896,-0.05365752590637933,0.0018946781498021155
5,0.026925196092900207,0.01717504050178659,0.11695272372947017,-0.006737883290601508,0.06058827547640192
6,-0.004860480478912622,0.016992368227595762,0.7748482303036412,-0.038165522205000316,0.02844456124717507
7,-0.018548776493039383,0.014597218223644765,0.203833169734577,-0.04715932421138312,0.010061771225304356
8,-0.012210253114903686,0.01643273109453811,0.4574546414092693,-0.04441840606019838,0.019997899830391005
9,-0.0008954313810744935,0.013238400039382786,0.9460730546147775,-0.026842695458264752,0.025051832696115765
10,-0.025897930383816322,0.014518038218741822,0.07444884951228244,-0.05435328529255029,0.00255742452491765
11,0.012227407868505952,0.011925999689515817,0.3052342974033373,-0.011147551522945049,0.035602367259956955
12,-0.03348900995184208,0.01188092401798036,0.004821540789029916,-0.056775621027083584,-0.010202398876600575
13,-0.005735156511984895,0.011701019064809477,0.6240336841479379,-0.02866915387901147,0.017198840855041676
14,-0.0163577409871797,0.01326657717525045,0.21757432064237203,-0.04236023225067058,0.00964475027631118
15,-0.026952508429119493,0.012498242317173499,0.031044338767332893,-0.05144906337077955,-0.0024559534874594342
16,0.009757218876295406,0.014896507585187835,0.5124674770997232,-0.01943993599067275,0.03895437374326356
17,-0.01722782051834631,0.01447064580499954,0.23383590477206884,-0.04559028629614541,0.011134645259452788
18,-0.015294856716438633,0.013729706484861968,0.26528032113885924,-0.042205081426768085,0.011615367993890822
19,0.012456701312546324,0.01717543377387439,0.4682908896837633,-0.021207148884247476,0.04612055150934012
20,-0.00385749367334507,0.012618039270274582,0.7598234740343839,-0.02858885064308325,0.020873863296393107
