year,population_mean,population_lo95,population_hi95,lambda_b_mean,lambda_d_mean,obs_parish_births,obs_parish_deaths,parish_coverage_b,parish_coverage_d,births_proxy_lambdacorr,deaths_proxy_lambdacorr,proxy_reliable
1647,440380.25321508356,384594.79030802636,498950.6152347216,,,24.0,84.0,0.005649717514124294,0.05084745762711865,,,False
1648,443587.4928247473,387866.37804831413,502052.2498648568,0.643726722975208,0.49280405886876344,18.0,50.0,0.005649717514124294,0.04519774011299435,27.962176118472616,101.4602033002234,False
1649,446754.9101142081,390827.6467497053,505246.1858935465,0.6439751049151222,0.4937178489351619,20.0,128.0,0.005649717514124294,0.07909604519774012,31.057101194363806,259.2573881541191,False
1650,453039.7543646957,396907.3315801692,511598.391588259,0.644229582071816,0.4946781187046294,28.0,160.0,0.005649717514124294,0.07344632768361582,43.46276665835981,323.4426467436605,False
1651,458877.02622890915,402239.7577191142,517753.2688071864,0.6444903556620609,0.49568795583750186,31.0,202.0,0.005649717514124294,0.0903954802259887,48.10002155603222,407.5144405288321,False
1652,463783.48018782487,406236.4394230562,523340.20990622294,0.6447576355288628,0.49675064799663105,57.0,281.0,0.011299435028248588,0.1016949152542373,88.40531210343204,565.6761619401163,False
1653,467329.4044986052,408593.5231863001,527727.0297877529,0.6450316406248576,0.4978696828002263,51.0,318.0,0.011299435028248588,0.11864406779661017,79.06588884631314,638.7213581904318,False
1654,469703.3897165164,409599.2147043465,531057.9720783705,0.6453125995279603,0.49904874736606963,72.0,258.0,0.01694915254237288,0.10734463276836158,111.57383267065804,516.9835639538196,False
1655,469515.7088622995,408076.8015672386,531797.4454245281,0.6456007509900352,0.5002917301505581,91.0,257.0,0.022598870056497175,0.096045197740113,140.9539872133832,513.700276282117,False
1656,468921.74067510065,406431.0188435448,531951.0977857067,0.6458963445187701,0.5016027258516091,188.0,193.0,0.03389830508474576,0.07344632768361582,291.06837590181874,384.766649089335,False
1657,468896.65584388305,405161.9264575221,532796.8036729908,0.6461996409922406,0.5029860405291363,159.0,236.0,0.02824858757062147,0.0903954802259887,246.0539899958088,469.1979120369431,False
1658,468952.5937533045,404009.41890762746,533641.00214796,0.6465109133048971,0.5044461922169597,151.0,157.0,0.03389830508474576,0.0847457627118644,233.56140923917832,311.23240183459467,False
1659,469962.41466555605,404070.86511624214,535447.7631260653,0.6468304470428491,0.5059879042605073,177.0,208.0,0.02824858757062147,0.0847457627118644,273.64203526472943,411.0770203172909,False
1660,471108.4718033809,404175.16062205913,537620.4823218801,0.647158541185212,0.5076160927104638,131.0,264.0,0.022598870056497175,0.10734463276836158,202.42335017333684,520.0780743383198,False
1661,472105.2469562172,404028.98936926964,539439.5542094451,0.6474955088262309,0.5093358512267248,144.0,239.0,0.02824858757062147,0.11299435028248588,222.39536496714985,469.23851801198265,False
1662,474944.0496479896,405618.6679488332,543278.2637020726,0.6478416779082186,0.5111524333078246,138.0,394.0,0.022598870056497175,0.11864406779661017,213.01500768765115,770.8072471655958,False
1663,475584.6864895407,404864.4610067011,544886.3797088723,0.648197391944889,0.5130712237484325,139.0,404.0,0.02824858757062147,0.12994350282485875,214.4408504683062,787.4150435653511,False
1664,475492.203913513,403283.7893003394,545775.0035704358,0.6485630106948016,0.5150976876718526,329.0,437.0,0.05649717514124294,0.14689265536723164,507.2753064463919,848.3827640057173,False
1665,475845.70549472957,402212.5490528821,547002.5374689356,0.648938910716111,0.5172372924765996,433.0,548.0,0.07344632768361582,0.1638418079096045,667.2430838246082,1059.4750378034512,False
1666,476102.10738434485,401195.07670115866,548110.1012009159,0.6493254857122744,0.519495411865029,453.0,448.0,0.07344632768361582,0.1638418079096045,697.6470352200697,862.3752775633669,False
1667,477949.99393558997,401956.1898066094,550807.2552614696,0.6497231466043432,0.521877232848559,547.0,514.0,0.06779661016949153,0.15819209039548024,841.8970493183034,984.9059657085196,False
1668,480397.5338905496,403143.0078713889,554217.9452518758,0.6501323213907718,0.5243876828958078,690.0,602.0,0.07909604519774012,0.1694915254237288,1061.3224066816779,1148.0056066069217,False
1669,481463.72431908635,402704.5610345329,556156.6292787684,0.6505534550761952,0.5270313694177131,672.0,753.0,0.096045197740113,0.1864406779661017,1032.9666144364614,1428.757458653641,False
1670,482134.78206741816,401954.2398334723,557717.0990780026,0.6509870101127023,0.5298125109521481,866.0,641.0,0.10734463276836158,0.1864406779661017,1330.2876809324866,1209.8619544639146,False
1671,483846.32773464645,402733.03205761785,560184.7653329282,0.6514334676348593,0.532734864420987,742.0,714.0,0.1016949152542373,0.1694915254237288,1139.0265266750232,1340.2539380936225,False
1672,485641.5423211329,403185.41525251133,562648.1114097111,0.6518933292160953,0.535801667141133,1182.0,639.0,0.11864406779661017,0.1864406779661017,1813.1800818108698,1192.6054717401319,False
1673,489320.9115095765,405785.6748495455,567226.5296293076,0.6523671183682082,0.5390155848266536,1203.0,692.0,0.12994350282485875,0.1807909604519774,1844.0537024752439,1283.8218772886612,False
1674,491097.96977445605,406453.18503353297,569777.2594382091,0.6528553811859447,0.542378641796314,961.0,1086.0,0.13559322033898305,0.1864406779661017,1471.9952193000158,2002.291234041326,False
1675,484164.60897755047,397825.52227856335,563345.3962722854,0.653358686420049,0.5458921302990556,878.0,1200.0,0.14689265536723164,0.1977401129943503,1343.825402874536,2198.2364892173937,False
1676,475553.9973258635,387510.19963551837,555310.8818092904,0.6538776259968542,0.5495565049911676,1026.0,858.0,0.15819209039548024,0.192090395480226,1569.100943675562,1561.258928258505,False
1677,470753.58430938685,381610.4471418654,551204.3606799598,0.6544128167515371,0.5533712687757893,1130.0,1004.0,0.1638418079096045,0.20903954802259886,1726.7387970933194,1814.3334442012617,False
1678,466412.4329056465,376160.7331220866,547408.0446629593,0.6549649030776744,0.557334880901652,1543.0,808.0,0.1864406779661017,0.1977401129943503,2355.851424632765,1449.7567399564584,False
1679,463907.41710761253,372944.86679432506,545701.9008617918,0.6555345593632038,0.5614447285754935,1792.0,931.0,0.2033898305084746,0.20903954802259886,2733.6468755221326,1658.2219987391243,False
1680,464973.42926347884,373245.6654430948,547359.7263201632,0.6561224912148601,0.5656971542445687,1970.0,968.0,0.20903954802259886,0.20903954802259886,3002.4881426521392,1711.1629300887435,False
1681,467057.3021568159,374835.548596274,549950.4193350637,0.6567294352462386,0.5700874793504235,2170.0,1180.0,0.20903954802259886,0.24293785310734464,3304.252685409731,2069.8577722572177,False
1682,469632.78649727354,376730.6278086987,553044.4612383036,0.6573561578102144,0.5746100116462831,2206.0,1127.0,0.23728813559322035,0.2542372881355932,3355.8672475947133,1961.3302538378946,False
1683,472217.51919330313,379011.6717135091,556074.5349502605,0.6580034531641685,0.5792581228800967,2352.0,1186.0,0.24858757062146894,0.2768361581920904,3574.449326504048,2047.4464718822692,False
1684,475287.57030598755,381768.92249574466,559426.354263805,0.6586721415524223,0.5840244234547874,2390.0,1151.0,0.2655367231638418,0.2824858757062147,3628.512349660055,1970.8079898290507,False
1685,478316.3881275224,384872.2575972176,562694.9702746306,0.6593630680449137,0.5889009216345,2558.0,1506.0,0.2711864406779661,0.3050847457627119,3879.501482521246,2557.3062372191284,False
1686,480224.85072995693,386426.7343987258,564794.3785656113,0.6600771032662389,0.5938791020784053,2563.0,1356.0,0.2824858757062147,0.288135593220339,3882.879723168077,2283.2930056881805,False
1687,482085.70699481596,388097.5968704425,566806.5309627779,0.6608151462361742,0.5989499684616555,2876.0,2017.0,0.327683615819209,0.3220338983050847,4352.200485084103,3367.560073807947,False
1688,482703.53207007004,388428.07980142074,567340.8530751818,0.6615781276125671,0.6041040827940681,3512.0,1765.0,0.3446327683615819,0.3333333333333333,5308.518908679362,2921.6819589045344,False
1689,486979.1330715827,392878.73791223485,571669.7967958048,0.6623670108263997,0.6093315751507566,3791.0,2373.0,0.3672316384180791,0.3559322033898305,5723.413059581837,3894.4313683611235,False
1690,488562.3361589329,394576.4572235618,573150.6985977083,0.6631827897727235,0.6146221104522503,3909.0,3325.0,0.3898305084745763,0.3954802259887006,5894.302536619861,5409.828158562997,False
1691,486899.6147045476,392380.63290130516,571193.2522697839,0.6640264829611264,0.6199648666810016,4052.0,3667.0,0.3954802259887006,0.384180790960452,6102.166259891796,5914.851303802717,False
1692,483673.41661129607,388913.9875559872,567468.2643028491,0.6648991242501956,0.6253485995092465,4802.0,3260.0,0.4124293785310734,0.3954802259887006,7222.1481798689365,5213.092349704379,False
1693,484926.52366910107,390320.59977550036,568371.8159469881,0.6658017511870342,0.630761774136968,4024.0,3555.0,0.4011299435028249,0.4011299435028249,6043.841117608588,5636.042236174006,False
1694,482690.7048064665,387935.1321655652,565678.7185271216,0.6667353946668334,0.6361927068978994,4962.0,3473.0,0.4293785310734463,0.423728813559322,7442.232765337894,5459.037744922422,False
1695,483989.31215507677,389082.7814667378,566789.6022657615,0.667701075253499,0.6416297570484566,4147.0,5489.0,0.4350282485875706,0.4519774011299435,6210.86314474715,8554.777797790735,False
1696,475839.5038115581,379852.2083439883,558016.9398743715,0.6686998081662384,0.6470615807170377,2044.0,20939.0,0.4406779661016949,0.4519774011299435,3056.678011625603,32360.134837238464,False
1697,377689.3365934525,302988.98635977425,443635.2053809147,0.6697326124426488,0.6524773309493253,2927.0,2379.0,0.4632768361581921,0.423728813559322,4370.4008818155735,3646.103683845478,False
1698,376938.5754575819,302547.4493442882,442135.0200100899,0.6708005165062269,0.6578667000899721,5083.0,1375.0,0.4915254237288136,0.4519774011299435,7577.5135452699315,2090.0890709500122,False
1699,385425.66693479946,312238.99449679226,450262.7436472091,0.6719045540472852,0.6632198382675332,5018.0,1865.0,0.4858757062146893,0.4632768361581921,7468.322650551433,2812.038923431127,False
1700,389667.7524789894,317746.95079754305,453862.7005798769,0.6730457470132974,0.6685272700724257,5228.0,1907.0,0.4745762711864407,0.4689265536723164,7767.674074458879,2852.538834793385,False
1701,394223.10535568796,323517.7485131875,457924.06639519404,0.6742250764277072,0.673779889239609,4816.0,1940.0,0.4858757062146893,0.4576271186440678,7143.0152457647255,2879.278575959543,False
1702,396968.6787182824,327416.84194775514,460083.2981990846,0.675443449603641,0.6789690051247981,4758.0,2303.0,0.4915254237288136,0.4745762711864407,7044.261074397948,3391.907410525605,False
1703,398179.7642971096,329783.9449792285,460484.06611604075,0.6767016788947319,0.6840863740508645,4478.0,3050.0,0.4858757062146893,0.4745762711864407,6617.391591689254,4458.501317515236,False
1704,396047.1475031324,328500.79105369403,457335.66639813787,0.678000481333231,0.6891242134027744,4918.0,3116.0,0.4858757062146893,0.4745762711864407,7253.682166020246,4521.681199698003,False
1705,395454.62829999585,329285.0216998593,455628.8234092689,0.6793404931365673,0.6940752770405764,4863.0,2332.0,0.4915254237288136,0.4971751412429379,7158.413268649944,3359.8661083899533,False
1706,397065.9288761173,332172.1617948367,456456.12345537165,0.6807222862547619,0.6989330045418694,4947.0,3682.0,0.5084745762711864,0.4971751412429379,7267.28079848494,5268.029948612093,False
1707,395032.03410247836,331287.1738006992,453225.21374888765,0.6821463781945785,0.7036916367455524,5525.0,2763.0,0.5254237288135594,0.5084745762711864,8099.434632524025,3926.4357507194195,True
1708,396989.6925495486,334715.0792246741,454356.3334278474,0.6836132276666251,0.708346232049795,4014.0,5567.0,0.5310734463276836,0.5254237288135594,5871.741267647751,7859.151002879414,True
1709,388018.444573245,326618.7104697269,443499.71459338977,0.6851232104189525,0.712892592609456,3413.0,6273.0,0.5423728813559322,0.5141242937853108,4981.585717863729,8799.362014743976,True
1710,377144.5346269908,316444.92609163234,430469.5311087553,0.686676582267116,0.7173271381149112,4163.0,2478.0,0.5254237288135594,0.4915254237288136,6062.533815053853,3454.490801103694,False
1711,378722.8683878982,319224.43102936243,431180.75860970217,0.6882734489922118,0.7216468256390252,4650.0,2056.0,0.5141242937853108,0.4689265536723164,6756.035710528502,2849.039068632211,False
1712,382610.8918093271,324510.2201858527,434419.8237786717,0.6899137573794452,0.7258491932433143,3696.0,1746.0,0.4971751412429379,0.4463276836158192,5357.191330752432,2405.4583462417895,False
1713,384845.6199275054,327966.076572089,436195.21141199104,0.6915973051729468,0.7299324614236875,2468.0,2192.0,0.4293785310734463,0.4067796610169492,3568.5506313284873,3003.0175610009746,False
1714,383585.92266444286,327437.4229571803,434098.66140757327,0.6933237620014412,0.7338955661643516,2149.0,1735.0,0.3785310734463277,0.327683615819209,3099.562019620399,2364.0965826620854,False
1715,382811.41814764234,327701.4124709304,432443.7544463981,0.6950926927024441,0.7377380963466958,2000.0,2356.0,0.3954802259887006,0.3446327683615819,2877.314092059031,3193.5452590383934,False
1716,379974.5910757821,325519.48451317975,428628.5178137625,0.6969035703409703,0.7414601858889328,1997.0,2565.0,0.3898305084745763,0.3615819209039548,2865.532743680648,3459.390064113604,False
1717,376490.41866606404,322814.069148845,424165.22592168755,0.6987557805780371,0.7450624048735627,2502.0,1881.0,0.4293785310734463,0.384180790960452,3580.650163538184,2524.620740083116,False
1718,376983.7474805042,324177.42986293335,423901.25508504215,0.7006486317438841,0.7485456678964343,2465.0,2263.0,0.4463276836158192,0.4011299435028249,3518.1685774005177,3023.1956406340455,False
1719,377269.7283081434,325382.28428781417,423447.446690938,0.7025813549517879,0.7519111601817512,2979.0,2586.0,0.4689265536723164,0.4293785310734463,4240.078361038236,3439.2360919006906,False
1720,378173.4977381908,327255.04676138365,423575.86590756616,0.7045530701075191,0.7551602975890244,3981.0,1773.0,0.5141242937853108,0.4519774011299435,5650.390536787349,2347.8458886948893,False
1721,382792.97011303966,332947.61870933627,427543.7999818925,0.7065627327851199,0.7582947431502648,5662.0,3981.0,0.6384180790960452,0.5988700564971752,8013.442738030636,5249.937489295135,True
1722,385148.9100704647,336711.39173614106,428727.81212336547,0.7086090878920128,0.7613164398575087,7003.0,3501.0,0.6666666666666666,0.6384180790960452,9882.740878800596,4598.613423683932,True
1723,391178.12725449394,344374.7122635375,433846.2326022326,0.7106906402141778,0.7642275941809229,7664.0,3715.0,0.7005649717514124,0.655367231638418,10783.876368050003,4861.117327203593,True
1724,397921.7069473015,352722.31946644996,439680.95652093086,0.7128056397264866,0.7670306207980352,7480.0,3808.0,0.7005649717514124,0.6610169491525424,10493.744133211656,4964.599713161483,True
1725,404237.4381451512,360660.828964334,444952.08713975485,0.714952071190642,0.7697281006350616,7806.0,4382.0,0.7288135593220338,0.6666666666666666,10918.214401421785,5692.9193521512925,True
1726,409785.1586131884,367765.52060685883,449407.08393633814,0.7171276374556658,0.7723227691386896,8623.0,4048.0,0.7231638418079096,0.6666666666666666,12024.35877467223,5241.331942750327,True
1727,417156.393602098,376836.8701304726,455787.5823671799,0.719329738431471,0.7748175130095967,8816.0,3896.0,0.7175141242937854,0.6610169491525424,12255.853649570588,5028.28076880568,True
1728,425411.65941517154,386893.8969814871,463190.6212186444,0.7215554649389095,0.777215355224785,9885.0,5206.0,0.7344632768361582,0.6836158192090396,13699.570553231017,6698.272190587805,True
1729,432741.7448741921,395950.3222219137,469249.81665304,0.7238016329419458,0.7795194321175583,10001.0,5132.0,0.7740112994350282,0.7175141242937854,13817.321687090134,6583.543383978207,True
1730,439914.22996939154,404935.8728657996,475230.4878204408,0.7260648648046057,0.7817329649176253,10438.0,5112.0,0.7909604519774012,0.7344632768361582,14376.126026713897,6539.317426045445,True
1731,447907.66168591403,414632.0206019851,482013.54809795215,0.7283416846397174,0.7838592191596153,9619.0,5979.0,0.8022598870056498,0.7457627118644068,13206.713556094417,7627.645186606539,True
1732,453119.51437099883,421348.71665005205,485995.4268838588,0.730628577186759,0.7859014681395992,10033.0,5585.0,0.8022598870056498,0.751412429378531,13732.011466936397,7106.488823873708,True
1733,459946.0932455331,429647.56342982093,491744.28154658276,0.7329219995065211,0.7878629826052395,11421.0,5598.0,0.8192090395480226,0.7457627118644068,15582.831471411417,7105.296382232608,True
1734,468553.39772218437,439872.87335038977,499239.56131783634,0.7352183851712318,0.7897470316123717,11571.0,5999.0,0.8192090395480226,0.7740112994350282,15738.180972317663,7596.103258219608,True
1735,477001.6178301653,449762.37499383604,506578.7201232489,0.7375141765226754,0.7915568655937376,13372.0,6825.0,0.8361581920903954,0.7796610169491526,18131.176898928217,8622.248503751713,True
1736,486430.74847993243,460859.31774075277,514912.54655405914,0.7398058651412771,0.7932956819816623,13497.0,10977.0,0.8587570621468926,0.8192090395480226,18243.97539403468,13837.211331567216,True
1737,489672.66140522546,466074.64591698465,515870.88954986096,0.7420899911879595,0.7949665925739016,14615.0,9767.0,0.8757062146892656,0.8192090395480226,19694.37692671731,12286.050874637278,True
1738,496229.72918999975,474411.89134603797,520710.2668471339,0.7443630940062066,0.796572605975073,14439.0,11205.0,0.8813559322033898,0.7966101694915254,19397.79136857584,14066.514359082337,True
1739,499968.4518340659,480064.96246991557,522288.1092129486,0.7466216616614247,0.7981166272042012,13222.0,16697.0,0.864406779661017,0.807909604519774,17709.10312269491,20920.501378964516,True
1740,493329.20627220924,475991.8799874618,511996.4339796027,0.7488621424928622,0.7996014674900125,12273.0,9864.0,0.864406779661017,0.8135593220338984,16388.864256303328,12336.145443759091,True
1741,494019.8555496619,478213.61676536704,510894.84020398365,0.7510810447220191,0.8010298532656168,9062.0,17253.0,0.847457627118644,0.8022598870056498,12065.275862944878,21538.523102058476,True
1742,479155.6573928376,465346.8312055379,493108.46832759626,0.7532750788931091,0.8024044266309575,9693.0,12065.0,0.8587570621468926,0.7966101694915254,12867.809212861868,15036.05862527095,True
1743,474700.97970893414,462166.25572068087,486924.2826342878,0.7554412714944098,0.8037277369774327,13093.0,7360.0,0.8757062146892656,0.807909604519774,17331.59213567919,9157.329853612675,True
1744,482315.2064741047,471047.10497664596,493295.2537295011,0.7575770252338411,0.805002228995351,14460.0,6951.0,0.864406779661017,0.7966101694915254,19087.168061276192,8634.758699581369,True
1745,492686.81295570446,482695.6303918961,502423.0350999747,0.7596801470120258,0.8062302325870062,14794.0,6491.0,0.8587570621468926,0.7909604519774012,19473.985279446573,8051.050106582934,True
1746,504133.6954202929,495332.39868376905,512664.93511912203,0.7617488738440411,0.8074139570048254,14813.0,8202.0,0.864406779661017,0.7909604519774012,19446.04121992149,10158.357963523513,True
1747,512914.0582264809,505317.61678919056,520068.2428575232,0.7637819063771756,0.8085554881119433,15139.0,10630.0,0.8757062146892656,0.7853107344632768,19821.10321493262,13146.902292163148,True
1748,517919.0604723204,511608.01128234464,523422.3077330276,0.7657784211835185,0.8096567857371738,15975.0,10113.0,0.8813559322033898,0.807909604519774,20861.125827116506,12490.477666771294,True
1749,525239.1501654023,519945.1872734941,529155.9219454064,0.7677380343671195,0.8107196783161551,16937.0,9972.0,0.8870056497175142,0.8248587570621468,22060.910417134564,12300.182500456383,True
1750,534184.3690689306,529210.0104660875,538157.2495958748,0.7696607366028584,0.8117458549168329,19046.0,10195.0,0.903954802259887,0.8248587570621468,24745.96805349011,12559.349626792397,True
1751,545051.1151104661,540416.2385523098,548268.8294137282,0.7715468326212639,0.8127368598799685,19655.0,10823.0,0.903954802259887,0.8248587570621468,25474.79837772625,13316.733292493253,True
1752,554745.8746957672,550553.7772885548,558735.2511146506,0.7733968870075708,0.813694098152558,19875.0,10517.0,0.903954802259887,0.8305084745762712,25698.319108705495,12925.00464717416,True
1753,565155.8840345427,561173.0301265501,569266.3281432734,0.7752116624445797,0.8146188530366893,20483.0,13466.0,0.9096045197740112,0.8361581920903954,26422.46110618123,16530.430089853948,True
1754,571998.6801075593,568844.3110652767,576303.1627362142,0.7769920493000939,0.8155123076987136,21031.0,12563.0,0.9152542372881356,0.8418079096045198,27067.201033710062,15405.04034261777,True
1755,581593.2529440697,577409.638720637,586180.4438082514,0.7787389979855172,0.8163755632184095,21141.0,14942.0,0.9096045197740112,0.847457627118644,27147.735062310538,18302.850640327757,True
1756,588180.5854448713,584040.4374818973,592816.478536021,0.7804534641335039,0.8172096552849185,20057.0,12530.0,0.9096045197740112,0.8418079096045198,25699.161989457276,15332.662700407573,True
1757,595912.6048727743,592594.8531195184,600349.1437985946,0.7821363694037583,0.8180155725484249,20167.0,12800.0,0.9152542372881356,0.8418079096045198,25784.506115440967,15647.62387117302,True
1758,603453.1317357436,599262.6890430797,608216.3368223511,0.7837885760213322,0.8187942745666014,21298.0,13331.0,0.9152542372881356,0.847457627118644,27173.144201862335,16281.256982477405,True
1759,611904.6644695537,607615.1275729171,616740.2615532234,0.7854108720086588,0.8195467060471474,22897.0,13142.0,0.9265536723163842,0.8531073446327684,29152.894129720644,16035.693759769634,True
1760,622660.7985734765,619401.64271611,627416.3973335533,0.7870039644576626,0.8202738064373313,22335.0,13411.0,0.9265536723163842,0.8587570621468926,28379.780799949865,16349.418809613784,True
1761,634290.4740138664,630128.9241946365,638770.798843916,0.7885684787265879,0.8209765155864949,20966.0,14240.0,0.9209039548022598,0.8587570621468926,26587.41829733892,17345.197736657705,True
1762,643052.7884334194,639030.3847519303,647220.2669891685,0.790104961745397,0.8216557760334096,21541.0,18916.0,0.9265536723163842,0.8587570621468926,27263.46630252065,23021.80615259358,True
1763,646000.4595533026,642256.1129871616,649303.4582509316,0.7916138877021948,0.8223125317655382,23197.0,15554.0,0.9322033898305084,0.8587570621468926,29303.42728995517,18914.949485939287,True
1764,655111.783478747,650905.2446899746,659254.5475143726,0.7930956645350068,0.8229477234208298,20988.0,14944.0,0.9265536723163842,0.864406779661017,26463.39015395488,18159.112146128515,True
1765,662563.1188293331,658295.9443903281,666770.7991924266,0.7945506401543222,0.8235622808609074,21497.0,14278.0,0.9378531073446328,0.8700564971751412,27055.544245518107,17336.87947082102,True
1766,671475.9902594698,667429.8808220507,674683.9020108135,0.7959791080648361,0.8241571148289991,20815.0,14199.0,0.9378531073446328,0.8700564971751412,26150.183829076737,17228.511098816503,True
1767,679052.750705406,674861.9148951429,683192.7452058156,0.7973813125371708,0.8247331093467567,22630.0,12947.0,0.9378531073446328,0.8700564971751412,28380.39924461495,15698.411829561303,True
1768,690670.0345093488,686599.2096518038,694767.6879531741,0.7987574533512278,0.8252911158301379,23309.0,14735.0,0.9265536723163842,0.8813559322033898,29181.574334243636,17854.30585324848,True
1769,700907.1988066486,697592.3028090531,704634.5086159497,0.8001076896825691,0.825831949182949,22976.0,16800.0,0.9322033898305084,0.8870056497175142,28716.13446074414,20343.12188650653,True
1770,708738.2810848599,704610.4476140446,712976.780312614,0.8014321427731627,0.8263563856781884,22266.0,13687.0,0.9322033898305084,0.8813559322033898,27782.7638943378,16563.071620445116,True
1771,719526.9720525659,715377.9515067196,723736.0736226481,0.8027308982173873,0.8268651622718828,22289.0,13430.0,0.9322033898305084,0.8757062146892656,27766.465760190436,16242.067767252312,True
1772,730956.3660549687,727331.2797679694,734491.2525716657,0.8040040100612599,0.8273589769936851,21854.0,12210.0,0.9322033898305084,0.8757062146892656,27181.456468525408,14757.802041825424,True
1773,743150.7625240532,738918.3639304516,747380.6318913922,0.8052515079821293,0.8278384901136271,24423.0,11904.0,0.9322033898305084,0.8870056497175142,30329.6544718076,14379.616485778628,True
1774,759017.90794669,754693.7501714713,763306.1155751322,0.8064734054830215,0.8283043258355985,24699.0,14138.0,0.9265536723163842,0.8757062146892656,30625.932401586157,17068.605775706288,True
1775,772161.138522455,768439.4683371889,776017.9786840386,0.8076697059044741,0.8287570743004121,24422.0,17326.0,0.9265536723163842,0.8700564971751412,30237.60804876403,20906.005556122207,True
1776,780774.3774041035,776038.5659330892,785461.4039106695,0.8088404061640825,0.8291972937057467,25383.0,19368.0,0.9209039548022598,0.8700564971751412,31381.96337195693,23357.529199646702,True
1777,787993.6942181605,782613.1834796568,793378.6563421659,0.8099855007236355,0.8296255123838011,26991.0,15180.0,0.9265536723163842,0.8757062146892656,33322.8187120466,18297.41223408452,True
1778,802818.418016096,797291.5324688188,808331.1805362231,0.8111049872160971,0.8300422307272465,28070.0,13745.0,0.9209039548022598,0.8757062146892656,34607.11059901485,16559.39841513514,True
1779,821314.3964079273,815852.7115311177,826406.4699462184,0.8121988728724302,0.8304479229125827,26958.0,13313.0,0.9209039548022598,0.8757062146892656,33191.378245404456,16031.1075898752,True
1780,838870.0978409972,833457.688555861,842962.7035220022,0.8132671800648702,0.8308430384219432,25277.0,16896.0,0.9209039548022598,0.8813559322033898,31080.806676575565,20335.971078353523,True
1781,848992.4006308005,842734.0968668326,854747.9384011563,0.8143099500198389,0.8312280033975963,27749.0,18516.0,0.9209039548022598,0.8813559322033898,34076.70506706194,22275.476673448105,True
1782,859955.7924084911,852741.0448540855,866915.5119950749,0.8153272449613902,0.8316032218751181,27457.0,22154.0,0.9265536723163842,0.8870056497175142,33676.04869048651,26640.108428207684,True
1783,865775.1703577822,857741.1202104314,873760.208790125,0.8163191497196934,0.831969076936898,29345.0,16297.0,0.9322033898305084,0.8870056497175142,35947.950026746825,19588.468432025715,True
1784,881423.5392894783,872526.4265570742,890272.4329690355,0.8172857738503204,0.8323259318156618,27802.0,19400.0,0.943502824858757,0.8926553672316384,34017.476982404594,23308.176831256755,True
1785,890803.630928793,881204.5597126741,900386.1957588844,0.8182272548517365,0.8326741309648693,28231.0,18546.0,0.9491525423728814,0.8926553672316384,34502.63949605966,22272.81875384989,True
1786,901715.3768021646,891556.3381128674,911917.8440052058,0.8191437624267932,0.8330140011027325,29231.0,18431.0,0.9491525423728814,0.903954802259887,35684.82278788318,22125.67853073453,True
1787,914156.8661938695,903467.5867677694,924841.523287254,0.8200355028685367,0.8333458522300492,26543.0,23880.0,0.9548022598870056,0.9096045197740112,32368.110779534407,28655.569516661864,True
1788,913604.9789092431,902630.530124012,924617.7790987307,0.8209027223739749,0.8336699786184321,26041.0,27791.0,0.9548022598870056,0.9096045197740112,31722.394493578766,33335.73321910378,True
1789,907397.2340643909,896052.6374256692,918817.4095688072,0.8217457092252793,0.8339866597638539,26823.0,28136.0,0.96045197740113,0.9152542372881356,32641.48470612403,33736.75066693129,True
1790,901673.1758369645,889819.9084767649,913623.5996186263,0.8225647952971447,0.8342961612999371,26327.0,25401.0,0.96045197740113,0.9152542372881356,32005.989255216777,30446.022861260783,True
1791,901275.4331069499,889000.793465009,913540.307926349,0.8233603559438771,0.8345987358656746,31573.0,17590.0,0.96045197740113,0.9096045197740112,38346.51470898863,21075.996456854256,True
1792,917240.1242203234,905316.1244712694,929147.336193552,0.8241328071077475,0.8348946239230886,33059.0,19570.0,0.96045197740113,0.9265536723163842,40113.6803618083,23440.08386117337,True
1793,932630.5939570167,921155.8271415216,944138.127447207,0.8248826005534537,0.8351840545216435,32475.0,25628.0,0.96045197740113,0.9152542372881356,39369.23869919301,30685.451741147746,True
1794,939235.7734278846,927980.6565153436,950515.1281148694,0.8256102191318401,0.8354672460078971,33532.0,19739.0,0.96045197740113,0.9209039548022598,40614.80735456515,23626.30024614205,True
1795,954710.3584988571,944162.4151502206,965306.04384764,0.8263161727390603,0.8357444066806942,32146.0,18236.0,0.96045197740113,0.9209039548022598,38902.78450371233,21820.0682579827,True
1796,970396.8327107229,960688.5361752249,980142.37927466,0.8270009943137803,0.836015735393918,34004.0,15888.0,0.96045197740113,0.9209039548022598,41117.241978911356,19004.426983080422,True
1797,991365.1043848568,982652.1672554932,1000098.2986139941,0.8276652351474426,0.8362814221102,32660.0,18732.0,0.9661016949152542,0.9152542372881356,39460.39849575397,22399.15835118434,True
1798,1006807.9374377333,999122.424567048,1014524.0786336028,0.8283094593989042,0.8365416484098688,33426.0,23179.0,0.9661016949152542,0.9265536723163842,40354.48300235145,27708.124328369726,True
1799,1017405.271165655,1011095.8098828347,1023858.9696335199,0.828934238152731,0.8367965879598087,32948.0,23306.0,0.9661016949152542,0.9265536723163842,39747.4232376071,27851.45199602485,True
1800,1027163.8379697588,1022614.5147215454,1032442.8082953901,0.8295401435206928,0.8370464069468205,34171.0,20058.0,0.96045197740113,0.9152542372881356,41192.70208548696,23962.829101868818,True
1801,1043384.2162203253,1037521.5852651695,1048980.1114345256,0.8301277434399471,0.8372912644797009,34981.0,19149.0,0.96045197740113,0.9265536723163842,42139.29756767681,22870.177693659964,True
1802,1062064.9341471032,1055383.748660437,1068190.5394369455,0.8306975979866451,0.8375313129637014,32173.0,27161.0,0.96045197740113,0.943502824858757,38730.09874830195,32429.832269658862,True
1803,1066935.7258745756,1060199.0072570469,1073224.8303589555,0.831250257782649,0.8377666984504287,35656.0,21775.0,0.96045197740113,0.943502824858757,42894.42278804459,25991.723042078454,True
1804,1082901.2024477255,1076011.303161116,1088781.5803874123,0.8317862641536218,0.8379975609656886,36016.0,19355.0,0.96045197740113,0.9378531073446328,43299.58494403346,23096.725935211263,True
1805,1102120.2370106424,1094824.2386888408,1106312.1902168442,0.8323061497372305,0.8382240348173012,34266.0,19986.0,0.96045197740113,0.943502824858757,41169.946912945685,23843.267634715503,True
1806,1116423.6672243082,1108632.3261898586,1122935.0100287504,0.8328104382932092,0.8384462488845452,34955.0,26884.0,0.96045197740113,0.9322033898305084,41972.336551926506,32064.07093569328,True
1807,1122229.3397044076,1114082.7235680323,1129659.8791283711,0.8332996434924034,0.8386643268906068,29150.0,51098.0,0.96045197740113,0.9378531073446328,34981.41422193677,60927.83293817753,True
1808,1086505.1136344704,1080209.932793142,1092785.2189392326,0.833774267336191,0.8388783876592141,27384.0,45572.0,0.96045197740113,0.943502824858757,32843.42186223689,54324.91845112735,True
1809,1055535.9756534838,1049307.4729629585,1062782.5662879192,0.8342347989182927,0.8390885453564939,36700.0,20980.0,0.96045197740113,0.943502824858757,43992.41082676833,25003.320705666967,True
1810,1071320.1157614368,1067264.7357744062,1077908.6459005382,0.8346817138002655,0.8392949097189856,32879.0,26274.0,0.9548022598870056,0.9548022598870056,39391.06303204308,31304.84850527345,True
1811,1077251.150751422,1071373.293625031,1084366.821526984,0.8351154738662382,0.8394975862686757,35399.0,20444.0,0.9661016949152542,0.9548022598870056,42388.15003165648,24352.660846671013,True
1812,1093781.4788798026,1087253.1399484805,1100887.7527321668,0.8355365273813542,0.8396966765158536,32851.0,23657.0,0.9661016949152542,0.9491525423728814,39317.25175793087,28173.268588080868,True
1813,1103150.5199449237,1096688.41329378,1110191.4435372069,0.8359453090532758,0.8398922781505408,33976.0,27523.0,0.9661016949152542,0.9548022598870056,40643.807234804,32769.67858378956,True
1814,1108992.0464456475,1103357.39490776,1115652.2358328626,0.8363422400388566,0.8400844852231988,34759.0,23114.0,0.9661016949152542,0.9548022598870056,41560.737143188046,27513.899383416097,True
1815,1121759.4185353909,1117819.3870052844,1127562.553850446,0.836727727934194,0.840273388315379,36226.0,21057.0,0.9717514124293786,0.9661016949152542,43294.848241062544,25059.701155377654,True
1816,1139798.572085307,1134296.2684906682,1145712.18067277,0.8371021668069881,0.8404590747009381,37261.0,21800.0,0.9661016949152542,0.9548022598870056,44511.89051645511,25938.205269253747,True
1817,1158224.358459371,1152124.5808066058,1164420.174977326,0.8374659373061012,0.8406416284983993,37297.0,22818.0,0.96045197740113,0.943502824858757,44535.54268723364,27143.552289646632,True
1818,1175267.4411613601,1169153.2463509876,1181414.4084014257,0.837819406852591,0.8408211308150083,35637.0,25057.0,0.9661016949152542,0.96045197740113,42535.41957672759,29800.630695035266,True
1819,1187560.2887889934,1181940.4864035058,1193107.884533016,0.8381629298979099,0.8409976598829909,36415.0,23595.0,0.9661016949152542,0.9717514124293786,43446.20681856621,28055.96391704919,True
1820,1202759.7691721579,1197635.6147731927,1206656.2905104824,0.8384968482295478,0.8411712911884905,42231.0,22638.0,0.9661016949152542,0.9717514124293786,50365.12670163167,26912.473401243617,True
1821,1225525.2363036966,1219451.1603447923,1231302.7930362262,0.8388214913065765,0.8413420975936291,36939.0,27998.0,0.96045197740113,0.9717514124293786,44036.783013824046,33277.78329418995,True
1822,1235071.1996742366,1228561.2961686533,1241612.3363991259,0.8391371766122141,0.8415101494521068,42769.0,24559.0,0.9548022598870056,0.9717514124293786,50967.82885090146,29184.437069463696,True
1823,1256063.600136531,1249351.2494414847,1262688.0455597816,0.839444210014927,0.8416755147187283,40290.0,27733.0,0.96045197740113,0.9717514124293786,47996.042523521086,32949.752624404,True
1824,1269908.256253852,1263679.6122196168,1275730.8919128384,0.8397428861327854,0.8418382590532179,41810.0,27206.0,0.96045197740113,0.9717514124293786,49789.04935121861,32317.371784216022,True
1825,1286168.144701499,1280677.3364421944,1290146.7658977753,0.8400334886978268,0.8419984459186611,41089.0,25421.0,0.96045197740113,0.96045197740113,48913.52613059973,30191.26712551643,True
1826,1302342.8034005002,1296221.444886607,1308171.4563976452,0.8403162909183435,0.8421561366748905,40549.0,22293.0,0.96045197740113,0.96045197740113,48254.44947126497,26471.338305530964,True
1827,1321758.4553860913,1315003.7638736703,1328296.2442385568,0.8405915558376363,0.8423113906671104,44352.0,24164.0,0.9548022598870056,0.96045197740113,52762.8426576376,28687.727920742138,True
1828,1343255.248614805,1336364.6887497357,1349926.558599331,0.840859536688106,0.8424642653100387,43686.0,28074.0,0.9548022598870056,0.96045197740113,51953.98053290336,33323.668618357806,True
1829,1358850.9881532895,1352630.122809207,1365011.564055344,0.8411204772397278,0.8426148161678244,43211.0,28568.0,0.9548022598870056,0.9491525423728814,51373.13995945486,33903.984895406924,True
1830,1373278.9490544347,1368867.4614662854,1378823.4222640954,0.8413746121420753,0.8427630970299848,40646.0,30660.0,0.9548022598870056,0.9378531073446328,48309.04024607826,36380.330496257055,True
1831,1382968.4392885638,1376729.5218214677,1389252.0463526093,0.8416221672591595,0.8429091599835881,39638.0,36815.0,0.96045197740113,0.943502824858757,47097.14351879033,43676.11807744124,True
1832,1383624.9036996562,1376904.5628430974,1390345.0033511007,0.8418633599964519,0.8430530554818979,34676.0,49214.0,0.96045197740113,0.943502824858757,41189.5821195332,58375.92270141144,True
1833,1362260.0212906923,1355064.3035219302,1369652.072687111,0.8420983996195582,0.8431948324096766,42476.0,26252.0,0.96045197740113,0.943502824858757,50440.66111417589,31133.966897042297,True
1834,1379815.9203176745,1373622.1914247782,1386020.0257475327,0.8423274875641218,0.8433345381453363,40031.0,27342.0,0.96045197740113,0.943502824858757,47524.27124961022,32421.297555452435,True
1835,1392850.6782748166,1387703.8788659985,1397107.6299213225,0.8425508177366342,0.8434722186201142,36693.0,34299.0,0.96045197740113,0.9378531073446328,43549.89542182078,40664.0541832092,True
1836,1391815.4039933595,1385508.3150147449,1398226.1799989154,0.8427685768059289,0.8436079183744357,37884.0,30408.0,0.9661016949152542,0.9378531073446328,44951.84211017855,36045.18086861223,True
1837,1396997.7818766513,1389854.7634400348,1404442.7563250805,0.8429809444852235,0.8437416806116219,39205.0,25736.0,0.9661016949152542,0.9491525423728814,46507.57559406162,30502.226678364605,True
1838,1409913.4031464686,1402849.6265133822,1417241.3860199945,0.8431880938046538,0.8438735472490853,41593.0,23952.0,0.9661016949152542,0.9491525423728814,49328.258197198986,28383.399477422077,True
1839,1428057.2809584734,1421921.2897188254,1434475.7599755835,0.8433901913743113,0.8440035589671507,42621.0,25038.0,0.9661016949152542,0.9491525423728814,50535.32805562836,29665.751683133007,True
1840,1445947.7069725813,1441491.3245790023,1450988.2342666553,0.8435873976378538,0.8441317552556306,42235.0,24740.0,0.9548022598870056,0.9491525423728814,50065.94470029197,29308.220957175014,True
1841,1464351.1125124488,1458293.5674908028,1470638.7558783116,0.843779867116806,0.8442581744582729,45849.0,25102.0,0.9548022598870056,0.943502824858757,54337.63210855686,29732.611136524632,True
1842,1486542.3218622485,1479672.5009327494,1493488.3998272202,0.8439677486457041,0.8443828538151973,44922.0,25994.0,0.9491525423728814,0.9491525423728814,53227.15242624533,30784.61373599739,True
1843,1506666.0522186132,1499719.8620860546,1513675.5987745952,0.8441511855982757,0.8445058295034238,44721.0,25355.0,0.9491525423728814,0.9491525423728814,52977.47697683427,30023.47540325322,True
1844,1527468.268068592,1521336.3804796885,1533835.7115009986,0.8443303161048605,0.8446271366755955,47190.0,27511.0,0.9491525423728814,0.9491525423728814,55890.448441672794,32571.769015475555,True
1845,1548557.8294810508,1544353.5531802843,1553839.5780674808,0.844505273261306,0.8447468094969882,43651.0,31171.0,0.943502824858757,0.9491525423728814,51688.25036631068,36899.81382535323,True
1846,1561428.2573095653,1555204.2593038487,1567843.3148311994,0.8446761853295777,0.8448648811808968,45039.0,28840.0,0.943502824858757,0.9491525423728814,53321.02500608157,34135.63593706172,True
1847,1579113.4246230985,1572018.6257520854,1586244.4988578397,0.8448431759303382,0.8449813840224798,48510.0,29873.0,0.943502824858757,0.9378531073446328,57418.94044013668,35353.44158446603,True
1848,1599457.1101113132,1592348.7918082608,1606611.8737789819,0.8450063642277528,0.8450963494311434,50156.0,30859.0,0.943502824858757,0.9378531073446328,59355.76597205552,36515.36303614612,True
1849,1620555.3748522874,1614005.6571612398,1627010.5768877887,0.8451658651067818,0.8452098079615361,47804.0,32849.0,0.9322033898305084,0.9378531073446328,56561.67856940157,38864.906311516555,True
1850,1636449.6062879884,1630629.8695590857,1641445.539723203,0.845321789343225,0.845321789343225,,,,,,,False
