iso3,year,births,population,cbr,log_cbr,cdr,cdr_raw,cdr_corrected,cdr_hmd,break_1793,source
FRA,1740,967300.0,24332394.84388963,39.753588013261634,3.6827001015113168,34.8054519677776,34.8054519677776,38.28599716455537,,1.0,Blayo1975_ensemble_raw_deathraw_Maddison_pop_loglin
FRA,1741,985900.0,24408616.826490086,40.39147351151936,3.6986187109974957,39.215659240517624,39.215659240517624,43.137225164569394,,1.0,Blayo1975_ensemble_raw_deathraw_Maddison_pop_loglin
FRA,1742,922200.0,24485077.57681845,37.663756510745316,3.6286982662827905,35.687042332562626,35.687042332562626,39.255746565818896,,1.0,Blayo1975_ensemble_raw_deathraw_Maddison_pop_loglin
FRA,1743,987500.0,24561777.842822053,40.2047443926616,3.693985008379147,38.8734075403679,38.8734075403679,42.76074829440469,,1.0,Blayo1975_ensemble_raw_deathraw_Maddison_pop_loglin
FRA,1744,1011200.0,24638718.37479118,41.04109575092988,3.714573900090148,30.415543073325598,30.415543073325598,33.45709738065816,,1.0,Blayo1975_ensemble_raw_deathraw_Maddison_pop_loglin
FRA,1745,1007300.0,24715899.925366435,40.75514155024504,3.707582004739875,28.188332292321775,28.188332292321775,31.007165521553954,,1.0,Blayo1975_ensemble_raw_deathraw_Maddison_pop_loglin
FRA,1746,1000000.0,24793323.249546092,40.33343936732272,3.6971808858670614,32.51681881793558,32.51681881793558,35.76850069972914,,1.0,Blayo1975_ensemble_raw_deathraw_Maddison_pop_loglin
FRA,1747,948800.0,24870989.104693465,38.14886476794562,3.64149600022207,42.43900375481304,42.43900375481304,46.68290413029433,,1.0,Blayo1975_ensemble_raw_deathraw_Maddison_pop_loglin
FRA,1748,912900.0,24948898.250544354,36.59079414378876,3.599796682643329,36.8232693393567,36.8232693393567,40.50559627329238,,1.0,Blayo1975_ensemble_raw_deathraw_Maddison_pop_loglin
FRA,1749,964700.0,25027051.44921444,38.54629067901167,3.651859874342487,33.0162744771093,33.0162744771093,36.317901924820234,,1.0,Blayo1975_ensemble_raw_deathraw_Maddison_pop_loglin
FRA,1750,951300.0,25105449.465206802,37.89217163064098,3.634744537472073,30.91759026564021,30.91759026564021,34.009349292204234,,1.0,Blayo1975_ensemble_raw_deathraw_Maddison_pop_loglin
FRA,1751,973800.0,25184093.065419216,38.667264986291855,3.654993376101947,26.715276117043707,26.715276117043707,29.38680372874808,,1.0,Blayo1975_ensemble_raw_deathraw_Maddison_pop_loglin
FRA,1752,962000.0,25262983.01915193,38.07943025852116,3.639674248112738,29.074159589276285,29.074159589276285,31.981575548203917,,1.0,Blayo1975_ensemble_raw_deathraw_Maddison_pop_loglin
FRA,1753,1000000.0,25342120.098114993,39.4599976690341,3.6752874415228534,32.357198088607966,32.357198088607966,35.592917897468766,,1.0,Blayo1975_ensemble_raw_deathraw_Maddison_pop_loglin
FRA,1754,1011700.0,25421505.076435868,39.797014258521706,3.683791890846246,31.961128877185807,31.961128877185807,35.1572417649044,,1.0,Blayo1975_ensemble_raw_deathraw_Maddison_pop_loglin
FRA,1755,1012200.0,25501138.730666988,39.69234514154285,3.6811583515080635,28.755578632971122,28.755578632971122,31.63113649626824,,1.0,Blayo1975_ensemble_raw_deathraw_Maddison_pop_loglin
FRA,1756,1084800.0,25581021.83979337,42.40643735007118,3.747300175007902,28.10286486999094,28.10286486999094,30.913151356990035,,1.0,Blayo1975_ensemble_raw_deathraw_Maddison_pop_loglin
FRA,1757,1024400.0000000001,25661155.185240217,39.92026051068872,3.686883977240826,27.309760411841715,27.309760411841715,30.04073645302589,,1.0,Blayo1975_ensemble_raw_deathraw_Maddison_pop_loglin
FRA,1758,1031700.0,25741539.550880577,40.07918788076944,3.6908571941154706,31.346221480074494,31.346221480074494,34.48084362808195,,1.0,Blayo1975_ensemble_raw_deathraw_Maddison_pop_loglin
FRA,1759,1019500.0,25822175.72304301,39.48156851439229,3.675833943117335,34.52846148840821,34.52846148840821,37.98130763724904,,1.0,Blayo1975_ensemble_raw_deathraw_Maddison_pop_loglin
FRA,1760,1003900.0,25903064.49051925,38.75603214312485,3.657286411893991,31.042659075890718,31.042659075890718,34.14692498347979,,1.0,Blayo1975_ensemble_raw_deathraw_Maddison_pop_loglin
FRA,1761,1046800.0,25984206.64457203,40.28600966420775,3.696004253946184,33.36257334533979,33.36257334533979,36.69883067987378,,1.0,Blayo1975_ensemble_raw_deathraw_Maddison_pop_loglin
FRA,1762,982900.0,26065602.978942566,37.708699882908846,3.6298908339564617,33.33128340448795,33.33128340448795,36.66441174493675,,1.0,Blayo1975_ensemble_raw_deathraw_Maddison_pop_loglin
FRA,1763,997600.0,26147254.289858643,38.15314560148385,3.6416082078433893,32.33226673165041,32.33226673165041,35.565493404815456,,1.0,Blayo1975_ensemble_raw_deathraw_Maddison_pop_loglin
FRA,1764,998400.0,26229161.376042217,38.064503309356326,3.639282176186411,30.534716246457812,30.534716246457812,33.5881878711036,,1.0,Blayo1975_ensemble_raw_deathraw_Maddison_pop_loglin
FRA,1765,1035000.0,26311325.038717255,39.33667340876949,3.672157249364402,32.803365042617344,32.803365042617344,36.08370154687908,,1.0,Blayo1975_ensemble_raw_deathraw_Maddison_pop_loglin
FRA,1766,1015400.0,26393746.081617583,38.47123469552487,3.649910811271911,32.95098760557217,32.95098760557217,36.2460863661294,,1.0,Blayo1975_ensemble_raw_deathraw_Maddison_pop_loglin
FRA,1767,1030700.0,26476425.31099475,38.92897126002828,3.661738735895049,34.57037682575326,34.57037682575326,38.02741450832859,,1.0,Blayo1975_ensemble_raw_deathraw_Maddison_pop_loglin
FRA,1768,976600.0,26559363.535625923,36.77045945359416,3.604694790573547,31.40888518962548,31.40888518962548,34.54977370858803,,1.0,Blayo1975_ensemble_raw_deathraw_Maddison_pop_loglin
FRA,1769,1044300.0,26642561.56682177,39.19668149704031,3.6685920875251745,26.311283854663653,26.311283854663653,28.942412240130025,,1.0,Blayo1975_ensemble_raw_deathraw_Maddison_pop_loglin
FRA,1770,1002400.0,26726020.218434423,37.506519556869485,3.624514772715215,27.228146729383408,27.228146729383408,29.95096140232175,,1.0,Blayo1975_ensemble_raw_deathraw_Maddison_pop_loglin
FRA,1771,973000.0,26809740.30686549,36.29277974583112,3.5916188164130447,30.35090943389803,30.35090943389803,33.38600037728783,,1.0,Blayo1975_ensemble_raw_deathraw_Maddison_pop_loglin
FRA,1772,982100.0,26893722.651073817,36.51781543009207,3.597800235484453,32.69908042890028,32.69908042890028,35.96898847179031,,1.0,Blayo1975_ensemble_raw_deathraw_Maddison_pop_loglin
FRA,1773,981700.0,26977968.072583828,36.38895254671332,3.594265227112885,33.96104545512758,33.96104545512758,37.35715000064034,,1.0,Blayo1975_ensemble_raw_deathraw_Maddison_pop_loglin
FRA,1774,1012100.0,27062477.395493343,37.39864555669034,3.6216344887029495,31.408802216368727,31.408802216368727,34.54968243800561,,1.0,Blayo1975_ensemble_raw_deathraw_Maddison_pop_loglin
FRA,1775,1015800.0,27147251.44648169,37.418152699640935,3.6221559529689236,32.33476515036897,32.33476515036897,35.568241665405885,,1.0,Blayo1975_ensemble_raw_deathraw_Maddison_pop_loglin
FRA,1776,1007600.0,27232291.054817792,37.000192087097304,3.610923104173919,28.24955118360853,28.24955118360853,31.07450630196939,,1.0,Blayo1975_ensemble_raw_deathraw_Maddison_pop_loglin
FRA,1777,1074500.0,27317597.0523683,39.33362066729973,3.6720796408717136,28.9776585576868,28.9776585576868,31.875424413455484,,1.0,Blayo1975_ensemble_raw_deathraw_Maddison_pop_loglin
FRA,1778,994200.0,27403170.273605693,36.280473758089144,3.5912796835434055,28.93825758415278,28.93825758415278,31.832083342568062,,1.0,Blayo1975_ensemble_raw_deathraw_Maddison_pop_loglin
FRA,1779,1022100.0,27489011.555616476,37.1821299551663,3.6158282683115486,38.93555786225858,38.93555786225858,42.82911364848444,,1.0,Blayo1975_ensemble_raw_deathraw_Maddison_pop_loglin
FRA,1780,1047500.0,27575121.738109343,37.98713963798517,3.6372476718664957,34.05243352751129,34.05243352751129,37.45767688026242,,1.0,Blayo1975_ensemble_raw_deathraw_Maddison_pop_loglin
FRA,1781,1045300.0,27661501.663423404,37.788982417472745,3.6320175897025493,34.05455030829362,34.05455030829362,37.460005339122986,,1.0,Blayo1975_ensemble_raw_deathraw_Maddison_pop_loglin
FRA,1782,1038200.0,27748152.176536486,37.41510401827369,3.6220744736506996,36.0492473025228,36.0492473025228,39.65417203277507,,1.0,Blayo1975_ensemble_raw_deathraw_Maddison_pop_loglin
FRA,1783,1019900.0,27835074.125073157,36.640822130281265,3.601162977607728,35.27563805247885,35.27563805247885,38.803201857726734,,1.0,Blayo1975_ensemble_raw_deathraw_Maddison_pop_loglin
FRA,1784,1033000.0,27922268.35931338,36.99556163227857,3.6107979495645792,32.99158894061473,32.99158894061473,36.29074783467621,,1.0,Blayo1975_ensemble_raw_deathraw_Maddison_pop_loglin
FRA,1785,1070400.0,28009735.732200567,38.21528379396476,3.643235534912589,34.63081584468032,34.63081584468032,38.093897429148356,,1.0,Blayo1975_ensemble_raw_deathraw_Maddison_pop_loglin
FRA,1786,1095900.0,28097477.099350013,39.00350184911626,3.6636514331016565,33.675621361103936,33.675621361103936,37.04318349721433,,1.0,Blayo1975_ensemble_raw_deathraw_Maddison_pop_loglin
FRA,1787,1084000.0,28185493.319057263,38.45950069878916,3.6496057577255865,32.16548278000208,32.16548278000208,35.38203105800229,,1.0,Blayo1975_ensemble_raw_deathraw_Maddison_pop_loglin
FRA,1788,1074300.0,28273785.25230648,37.99632735458943,3.6374895064921766,32.08979596836917,32.08979596836917,35.29877556520608,,1.0,Blayo1975_ensemble_raw_deathraw_Maddison_pop_loglin
FRA,1789,1046200.0,28362353.762778904,36.886924433365316,3.607857136849875,30.709722023954498,30.709722023954498,33.78069422634995,,1.0,Blayo1975_ensemble_raw_deathraw_Maddison_pop_loglin
FRA,1790,1047599.9999999999,28451199.71686128,36.82094289258219,3.606066783640606,30.434568967818752,30.434568967818752,33.47802586460063,,1.0,Blayo1975_ensemble_raw_deathraw_Maddison_pop_loglin
FRA,1791,1008000.0,28540323.983654328,35.318449803769006,3.564405484732048,32.71861947099156,32.71861947099156,35.990481418090724,,1.0,Blayo1975_ensemble_raw_deathraw_Maddison_pop_loglin
FRA,1792,1032000.0,28629727.434981257,36.04644865529003,3.5848083472359273,33.5490445091144,33.5490445091144,36.90394896002585,,1.0,Blayo1975_ensemble_raw_deathraw_Maddison_pop_loglin
FRA,1793,1017100.0,28719410.94539635,35.41507177615141,3.5671374859196527,30.627369122311254,30.627369122311254,30.627369122311254,,0.0,Blayo1975_ensemble_raw_deathraw_Maddison_pop_loglin
FRA,1794,1072700.0,28809375.39219329,37.23440669562999,3.61723324498517,37.845318933760964,37.845318933760964,37.845318933760964,,0.0,Blayo1975_ensemble_raw_deathraw_Maddison_pop_loglin
FRA,1795,1025200.0,28899621.65541407,35.47451285778126,3.568814490965388,28.512483998060624,28.512483998060624,28.512483998060624,,0.0,Blayo1975_ensemble_raw_deathraw_Maddison_pop_loglin
FRA,1796,1004200.0,28990150.617857393,34.63935090359384,3.5449903451697615,25.84670945236294,25.84670945236294,25.84670945236294,,0.0,Blayo1975_ensemble_raw_deathraw_Maddison_pop_loglin
FRA,1797,1066000.0,29080963.16508736,36.656282460402394,3.601584831388631,25.09889359085151,25.09889359085151,25.09889359085151,,0.0,Blayo1975_ensemble_raw_deathraw_Maddison_pop_loglin
FRA,1798,1063900.0,29172060.185442112,36.46982740461106,3.5964852722788465,24.070977350801662,24.070977350801662,24.070977350801662,,0.0,Blayo1975_ensemble_raw_deathraw_Maddison_pop_loglin
FRA,1799,1046900.0000000001,29263442.570042554,35.77501168887519,3.5772496521755204,24.224764338755964,24.224764338755964,24.224764338755964,,0.0,Blayo1975_ensemble_raw_deathraw_Maddison_pop_loglin
FRA,1800,997200.0,29355111.212801047,33.97023410237143,3.5254846735932985,27.46029453461854,27.46029453461854,27.46029453461854,,0.0,Blayo1975_ensemble_raw_deathraw_Maddison_pop_loglin
FRA,1801,959600.0,29447067.01043016,32.587286185755254,3.48392221800312,26.60366819291441,26.60366819291441,26.60366819291441,,0.0,Blayo1975_ensemble_raw_deathraw_Maddison_pop_loglin
FRA,1802,964000.0,29539310.862451453,32.63447832242346,3.4853693467418108,28.267416389236097,28.267416389236097,28.267416389236097,,0.0,Blayo1975_ensemble_raw_deathraw_Maddison_pop_loglin
FRA,1803,946400.0,29631843.671204247,31.93861342214411,3.4638157298891272,32.71818016987396,32.71818016987396,32.71818016987396,,0.0,Blayo1975_ensemble_raw_deathraw_Maddison_pop_loglin
FRA,1804,928100.0,29724666.341854535,31.223226842185486,3.4411622679199803,34.03907005594577,34.03907005594577,34.03907005594577,,0.0,Blayo1975_ensemble_raw_deathraw_Maddison_pop_loglin
FRA,1805,968500.0,29817779.782403607,32.480620860025994,3.4806436302593684,27.342746708496847,27.342746708496847,27.342746708496847,,0.0,Blayo1975_ensemble_raw_deathraw_Maddison_pop_loglin
FRA,1806,916179.0,,,,,,,,,HMD_FRATNP_Maddison_pop
FRA,1807,925117.0,,,,,,,,,HMD_FRATNP_Maddison_pop
FRA,1808,912840.0,,,,,,,,,HMD_FRATNP_Maddison_pop
FRA,1809,933391.0,,,,,,,,,HMD_FRATNP_Maddison_pop
FRA,1810,931799.0,,,,,,,,,HMD_FRATNP_Maddison_pop
FRA,1811,926904.0,,,,,,,,,HMD_FRATNP_Maddison_pop
FRA,1812,883945.0,,,,,,,,,HMD_FRATNP_Maddison_pop
FRA,1813,895580.0,,,,,,,,,HMD_FRATNP_Maddison_pop
FRA,1814,994082.0,,,,,,,,,HMD_FRATNP_Maddison_pop
FRA,1815,953141.0,,,,,,,,,HMD_FRATNP_Maddison_pop
FRA,1816,968934.0,,,,,,,,,HMD_FRATNP_Maddison_pop
FRA,1817,944475.0,,,,,,,,,HMD_FRATNP_Maddison_pop
FRA,1818,914577.0,,,,,,,,,HMD_FRATNP_Maddison_pop
FRA,1819,987567.0,,,,,,,,,HMD_FRATNP_Maddison_pop
FRA,1820,959981.0,31250000.0,30.719392000000003,3.4248941164169473,24.61759712,,,24.61759712,,HMD_FRATNP_Maddison_pop
FRA,1821,965364.0,31460000.0,30.685441830896377,3.423788334658576,23.56332040686586,,,23.56332040686586,,HMD_FRATNP_Maddison_pop
FRA,1822,972632.0,31685000.0,30.69692283414865,3.424162416154094,24.52381252958813,,,24.52381252958813,,HMD_FRATNP_Maddison_pop
FRA,1823,963327.0,31905000.0,30.193606017865537,3.407630180701983,23.302523428929632,,,23.302523428929632,,HMD_FRATNP_Maddison_pop
FRA,1824,984158.0,32127000.0,30.633361347153485,3.422089655181258,23.784915180377876,,,23.784915180377876,,HMD_FRATNP_Maddison_pop
FRA,1825,973502.0,32350000.0,30.092797527047914,3.404285858305967,24.731808346213292,,,24.731808346213292,,HMD_FRATNP_Maddison_pop
FRA,1826,992266.0,32538000.0,30.495605138607164,3.417582579414696,25.742517364312498,,,25.742517364312498,,HMD_FRATNP_Maddison_pop
FRA,1827,980135.0,32727000.0,29.948819017936263,3.3994898919955663,24.186908363125244,,,24.186908363125244,,HMD_FRATNP_Maddison_pop
FRA,1828,976949.0,32917000.0,29.679162742655773,3.390445208422032,25.44326700489109,,,25.44326700489109,,HMD_FRATNP_Maddison_pop
FRA,1829,965470.0,33108000.0,29.161229914220126,3.372840084379247,24.268516974749303,,,24.268516974749303,,HMD_FRATNP_Maddison_pop
FRA,1830,968000.0,33300000.0,29.06906906906907,3.369674690290179,24.30189219219219,,,24.30189219219219,,HMD_FRATNP_Maddison_pop
FRA,1831,986843.0,33439000.0,29.511737791201888,3.384788075435234,23.999520619635753,,,23.999520619635753,,HMD_FRATNP_Maddison_pop
FRA,1832,937434.0,33598000.0,27.901482231085183,3.328679813978347,27.82156854574677,,,27.82156854574677,,HMD_FRATNP_Maddison_pop
FRA,1833,970178.0,33718000.0,28.773296162287206,3.359447740423447,24.09627053799158,,,24.09627053799158,,HMD_FRATNP_Maddison_pop
FRA,1834,986490.0,33859000.0,29.13523730765823,3.371948345667692,27.113646297882394,,,27.113646297882394,,HMD_FRATNP_Maddison_pop
FRA,1835,993833.0,34000000.0,29.230382352941177,3.37520865987719,24.016736764705882,,,24.016736764705882,,HMD_FRATNP_Maddison_pop
FRA,1836,979746.0,34178000.0,28.665983966294107,3.355711192172538,22.26364737550471,,,22.26364737550471,,HMD_FRATNP_Maddison_pop
FRA,1837,943741.0,34357000.0,27.468667229385566,3.3130459816162214,24.88814652035975,,,24.88814652035975,,HMD_FRATNP_Maddison_pop
FRA,1838,963099.0,34537000.0,27.886006312071114,3.3281249971254936,23.723484379071717,,,23.723484379071717,,HMD_FRATNP_Maddison_pop
FRA,1839,958189.0,34718000.0,27.599199262630336,3.317786760078703,22.288296272826774,,,22.288296272826774,,HMD_FRATNP_Maddison_pop
FRA,1840,952387.0,34900000.0,27.289025787965613,3.3064846355841624,23.245530085959885,,,23.245530085959885,,HMD_FRATNP_Maddison_pop
FRA,1841,976753.0,35059000.0,27.860264126187285,3.32720144878724,22.67500413588522,,,22.67500413588522,,HMD_FRATNP_Maddison_pop
FRA,1842,982990.0,35218000.0,27.911579306036685,3.329041631616856,23.459535464819126,,,23.459535464819126,,HMD_FRATNP_Maddison_pop
FRA,1843,978396.0,35378000.0,27.655492113743005,3.3198243380358488,22.61368788512635,,,22.61368788512635,,HMD_FRATNP_Maddison_pop
FRA,1844,959484.0,35539000.0,26.998058470975547,3.295764954936403,21.610790117898645,,,21.610790117898645,,HMD_FRATNP_Maddison_pop
FRA,1845,982527.0,35700000.0,27.521764705882354,3.31497713549626,20.816890476190476,,,20.816890476190476,,HMD_FRATNP_Maddison_pop
FRA,1846,965866.0,35829000.0,26.957659996092552,3.2942674868800075,22.91210723157219,,,22.91210723157219,,HMD_FRATNP_Maddison_pop
FRA,1847,901861.0,35959000.0,25.08025807169276,3.2220810056516815,23.61172223921689,,,23.61172223921689,,HMD_FRATNP_Maddison_pop
FRA,1848,940156.0,36089000.0,26.051040483249743,3.2600577091771465,23.184158330793316,,,23.184158330793316,,HMD_FRATNP_Maddison_pop
FRA,1849,985848.0,36219000.0,27.21908390623706,3.3039183414856663,26.877355807725227,,,26.877355807725227,,HMD_FRATNP_Maddison_pop
FRA,1850,954240.0,36350000.0,26.251444291609353,3.2677210081567907,20.95213067400275,,,20.95213067400275,,HMD_FRATNP_Maddison_pop
FRA,1851,971271.0,36479000.0,26.62548315469174,3.2818687705200293,21.987643575755914,,,21.987643575755914,,HMD_FRATNP_Maddison_pop
FRA,1852,964959.0,36609000.0,26.358518397115464,3.2717915015719417,22.193969788849735,,,22.193969788849735,,HMD_FRATNP_Maddison_pop
FRA,1853,936967.0,36739000.0,25.503334331364492,3.2388092017090115,21.655653392852283,,,21.655653392852283,,HMD_FRATNP_Maddison_pop
FRA,1854,923461.0,36869000.0,25.04708562749193,3.220757478546702,26.927202799099515,,,26.927202799099515,,HMD_FRATNP_Maddison_pop
FRA,1855,902336.0,37000000.0,24.38745945945946,3.1940690435986716,25.34978405405405,,,25.34978405405405,,HMD_FRATNP_Maddison_pop
FRA,1856,952116.0,37060000.0,25.691203453858606,3.2461486552506926,22.587210469508904,,,22.587210469508904,,HMD_FRATNP_Maddison_pop
FRA,1857,940709.0,37120000.0,25.34237607758621,3.232477938357607,23.13537176724138,,,23.13537176724138,,HMD_FRATNP_Maddison_pop
FRA,1858,969343.0,37180000.0,26.07162452931684,3.260847540131961,23.512267885960195,,,23.512267885960195,,HMD_FRATNP_Maddison_pop
FRA,1859,1017896.0,37240000.0,27.333404940923735,3.3081095783826044,26.297879162191194,,,26.297879162191194,,HMD_FRATNP_Maddison_pop
FRA,1860,956875.0,37300000.0,25.653485254691688,3.2446794397621783,20.95536032171582,,,20.95536032171582,,HMD_FRATNP_Maddison_pop
FRA,1861,1005078.0,37390000.0,26.88093073014175,3.2914171404328014,23.177240706071146,,,23.177240706071146,,HMD_FRATNP_Maddison_pop
FRA,1862,995167.0,37520000.0,26.523640724946695,3.278036438133127,21.66785634328358,,,21.66785634328358,,HMD_FRATNP_Maddison_pop
FRA,1863,1012794.0,37710000.0,26.85743834526651,3.290542815931482,22.45868469901883,,,22.45868469901883,,HMD_FRATNP_Maddison_pop
FRA,1864,1005880.0,37860000.0,26.568409931325938,3.2797229134693358,22.723983095615424,,,22.723983095615424,,HMD_FRATNP_Maddison_pop
FRA,1865,1005753.0,38020000.0,26.45326144134666,3.2753794566137864,24.24742635455024,,,24.24742635455024,,HMD_FRATNP_Maddison_pop
FRA,1866,1006258.0,38080000.0,26.42484243697479,3.274304569088564,23.22933245798319,,,23.22933245798319,,HMD_FRATNP_Maddison_pop
FRA,1867,1007755.0,38230000.0,26.36031912110908,3.2718598158246484,22.67295187025896,,,22.67295187025896,,HMD_FRATNP_Maddison_pop
FRA,1868,984140.0,38330000.0,25.67545003913384,3.245535283962224,24.055258805113485,,,24.055258805113485,,HMD_FRATNP_Maddison_pop
FRA,1869,948526.0,38890000.0,24.389971715093857,3.1941720525344075,22.224735407559784,,,22.224735407559784,,HMD_FRATNP_Maddison_pop
FRA,1870,943515.0,38440000.0,24.545135275754422,3.2005136788313298,27.234940426638918,,,27.234940426638918,,HMD_FRATNP_Maddison_pop
FRA,1871,826121.0,37731000.0,21.895020010071296,3.0862592141634853,33.68609525324005,,,33.68609525324005,,HMD_FRATNP_Maddison_pop
FRA,1872,966000.0,37679000.0,25.637623079168765,3.24406092413466,21.047901218185196,,,21.047901218185196,,HMD_FRATNP_Maddison_pop
FRA,1873,946364.0,37887000.0,24.978594240768604,3.218019227724345,22.292289175706706,,,22.292289175706706,,HMD_FRATNP_Maddison_pop
FRA,1874,954652.0,38044000.0,25.093365576700663,3.2226034915457817,20.547494480075702,,,20.547494480075702,,HMD_FRATNP_Maddison_pop
FRA,1875,950975.0,38221000.0,24.88095549566992,3.214102671300355,22.11145809895084,,,22.11145809895084,,HMD_FRATNP_Maddison_pop
FRA,1876,966682.0,38398000.0,25.175321631334963,3.225864214345656,21.71920698994739,,,21.71920698994739,,HMD_FRATNP_Maddison_pop
FRA,1877,944576.0,38576000.0,24.486105350476983,3.1981058281204957,20.788988749481543,,,20.788988749481543,,HMD_FRATNP_Maddison_pop
FRA,1878,937317.0,38763000.0,24.180713567061375,3.185555355382373,21.648892242602482,,,21.648892242602482,,HMD_FRATNP_Maddison_pop
FRA,1879,936529.0,38909000.0,24.069726798427098,3.1809549014367184,21.585803027577168,,,21.585803027577168,,HMD_FRATNP_Maddison_pop
FRA,1880,920177.0,39045000.0,23.567089255986684,3.159851215727962,21.980713791778715,,,21.980713791778715,,HMD_FRATNP_Maddison_pop
FRA,1881,937057.0,39191000.0,23.910004848051848,3.1742969842327327,21.148423872827944,,,21.148423872827944,,HMD_FRATNP_Maddison_pop
FRA,1882,935566.0,39337000.0,23.783359178381676,3.1689861419415317,21.31680250146173,,,21.31680250146173,,HMD_FRATNP_Maddison_pop
FRA,1883,937944.0,39472000.0,23.762261856505877,3.1680986859444813,21.30981683218484,,,21.30981683218484,,HMD_FRATNP_Maddison_pop
FRA,1884,937758.0,39629000.0,23.663428297458932,3.16393074650905,21.67059653284211,,,21.67059653284211,,HMD_FRATNP_Maddison_pop
FRA,1885,924558.0,39733000.0,23.269272393224774,3.1471337088075018,21.06302141796492,,,21.06302141796492,,HMD_FRATNP_Maddison_pop
FRA,1886,912838.0,39858000.0,22.90225299814341,3.1312352899191884,21.582168447990366,,,21.582168447990366,,HMD_FRATNP_Maddison_pop
FRA,1887,899333.0,39889000.0,22.545889844317983,3.1155527807911003,21.128557246358646,,,21.128557246358646,,HMD_FRATNP_Maddison_pop
FRA,1888,882639.0,39920000.0,22.110195390781563,3.0960388320434036,20.98865405811623,,,20.98865405811623,,HMD_FRATNP_Maddison_pop
FRA,1889,880579.0,40004000.0,22.012273772622738,3.091600196546242,19.86633886611339,,,19.86633886611339,,HMD_FRATNP_Maddison_pop
FRA,1890,838059.0,40014000.0,20.944144549407707,3.0418591108534154,21.904956515219677,,,21.904956515219677,,HMD_FRATNP_Maddison_pop
FRA,1891,866377.0,39983000.0,21.668634169522047,3.075865784928841,21.931368581647202,,,21.931368581647202,,HMD_FRATNP_Maddison_pop
FRA,1892,855847.0,39993000.0,21.39991998599755,3.0633871830487385,21.901032930762884,,,21.901032930762884,,HMD_FRATNP_Maddison_pop
FRA,1893,874672.0,40014000.0,21.859149297745788,3.0846195660600313,21.6805608037187,,,21.6805608037187,,HMD_FRATNP_Maddison_pop
FRA,1894,855388.0,40056000.0,21.35480327541442,3.061276692142097,20.3619929598562,,,20.3619929598562,,HMD_FRATNP_Maddison_pop
FRA,1895,834173.0,40098000.0,20.803356775899047,3.035114357143048,21.24759289740137,,,21.24759289740137,,HMD_FRATNP_Maddison_pop
FRA,1896,865586.0,40192000.0,21.53627587579618,3.0697387633633766,19.204964918391717,,,19.204964918391717,,HMD_FRATNP_Maddison_pop
FRA,1897,859107.0,40348000.0,21.292430851591156,3.058351650480152,18.609124863685935,,,18.609124863685935,,HMD_FRATNP_Maddison_pop
FRA,1898,843933.0,40473000.0,20.851753020532204,3.037438022433844,20.01514589973563,,,20.01514589973563,,HMD_FRATNP_Maddison_pop
FRA,1899,853103.0,40546000.0,21.040373896315298,3.0464431584490304,20.266093079465296,,,20.266093079465296,,HMD_FRATNP_Maddison_pop
FRA,1900,832770.0,40598000.0,20.512586826937287,3.0210386892865824,21.15271811419282,,,21.15271811419282,,HMD_FRATNP_Maddison_pop
FRA,1901,862872.0,40640000.0,21.232086614173227,3.0555135569981298,19.450639763779527,,,19.450639763779527,,HMD_FRATNP_Maddison_pop
FRA,1902,850904.0,40713000.0,20.90005649301206,3.0397518619820434,18.838209662761283,,,18.838209662761283,,HMD_FRATNP_Maddison_pop
FRA,1903,832080.0,40786000.0,20.40111803069681,3.0155897047747224,18.60869195312117,,,18.60869195312117,,HMD_FRATNP_Maddison_pop
FRA,1904,823542.0,40859000.0,20.155706209158325,3.0034874348616727,18.76002839031792,,,18.76002839031792,,HMD_FRATNP_Maddison_pop
FRA,1905,812504.0,40890000.0,19.870481780386402,2.9892353028921463,18.96268036194669,,,18.96268036194669,,HMD_FRATNP_Maddison_pop
FRA,1906,811976.0,40942000.0,19.83234819989253,2.9873143520561958,19.181402960285283,,,19.181402960285283,,HMD_FRATNP_Maddison_pop
FRA,1907,777733.0,40942000.0,18.995969908651265,2.9442268465969317,19.461777636656738,,,19.461777636656738,,HMD_FRATNP_Maddison_pop
FRA,1908,797336.0,41046000.0,19.425425132777857,2.966582781871509,18.254957852165866,,,18.254957852165866,,HMD_FRATNP_Maddison_pop
FRA,1909,774522.0,41109000.0,18.84069181930964,2.9360189892441766,18.485343841981074,,,18.485343841981074,,HMD_FRATNP_Maddison_pop
FRA,1910,779337.0,41224000.0,18.90493401901805,2.9394229472028757,17.17249660392005,,,17.17249660392005,,HMD_FRATNP_Maddison_pop
FRA,1911,747115.0,41307000.0,18.08688599995158,2.8951871452833737,18.885757861863606,,,18.885757861863606,,HMD_FRATNP_Maddison_pop
FRA,1912,755147.0,41359000.0,18.258347638966125,2.9046223803256352,16.855799221451196,,,16.855799221451196,,HMD_FRATNP_Maddison_pop
FRA,1913,750784.0,41463000.0,18.107324602657794,2.896316530593256,17.050936979958035,,,17.050936979958035,,HMD_FRATNP_Maddison_pop
FRA,1914,597486.0,41476000.0,14.405583952165106,2.6676159058727813,22.073801234448837,,,22.073801234448837,,HMD_FRATNP_Maddison_pop
FRA,1915,389354.0,40481000.0,9.618191250216151,2.2636562272716394,23.510931301104225,,,23.510931301104225,,HMD_FRATNP_Maddison_pop
FRA,1916,315159.0,39884000.0,7.901890482398958,2.0671020324144105,20.35364807943035,,,20.35364807943035,,HMD_FRATNP_Maddison_pop
FRA,1917,344737.0,39288000.0,8.774613113418857,2.171862678741076,18.600566839747504,,,18.600566839747504,,HMD_FRATNP_Maddison_pop
FRA,1918,402099.0,38542000.0,10.43274868974106,2.3449497711808607,24.236679985470396,,,24.236679985470396,,HMD_FRATNP_Maddison_pop
FRA,1919,406319.0,38700000.0,10.499198966408269,2.3512989653398324,16.410696899224806,,,16.410696899224806,,HMD_FRATNP_Maddison_pop
FRA,1920,838137.0,39000000.0,21.490692307692306,3.0676199254771777,17.325023846153847,,,17.325023846153847,,HMD_FRATNP_Maddison_pop
FRA,1921,816525.0,39240000.0,20.80848623853211,3.035360895738191,17.785523445463813,,,17.785523445463813,,HMD_FRATNP_Maddison_pop
FRA,1922,764373.0,39420000.0,19.390487062404873,2.9647825881966776,17.56270700152207,,,17.56270700152207,,HMD_FRATNP_Maddison_pop
FRA,1923,765888.0,39880000.0,19.20481444332999,2.9551609998574135,16.808574974924774,,,16.808574974924774,,HMD_FRATNP_Maddison_pop
FRA,1924,757873.0,40310000.0,18.80111634830067,2.9339162483017267,16.951029521210618,,,16.951029521210618,,HMD_FRATNP_Maddison_pop
FRA,1925,774455.0,40610000.0,19.07054912583108,2.9481452144694393,17.537824427480917,,,17.537824427480917,,HMD_FRATNP_Maddison_pop
FRA,1926,771690.0,40870000.0,18.881575727917788,2.938186617399886,17.54259897235136,,,17.54259897235136,,HMD_FRATNP_Maddison_pop
FRA,1927,748102.0,40940000.0,18.273131411822177,2.905431752081022,16.605005373717635,,,16.605005373717635,,HMD_FRATNP_Maddison_pop
FRA,1928,753570.0,41050000.0,18.357369062119368,2.9100310776541227,16.522994397076737,,,16.522994397076737,,HMD_FRATNP_Maddison_pop
FRA,1929,734140.0,41230000.0,17.80596652922629,2.8795335994027895,18.014357264128062,,,18.014357264128062,,HMD_FRATNP_Maddison_pop
FRA,1930,754020.0,41610000.0,18.121124729632303,2.8970783698602585,15.692211727950014,,,15.692211727950014,,HMD_FRATNP_Maddison_pop
FRA,1931,737611.0,41860000.0,17.620903010033445,2.8690858683454334,16.311893693263258,,,16.311893693263258,,HMD_FRATNP_Maddison_pop
FRA,1932,726299.0,41860000.0,17.350668896321068,2.8536310587517955,15.85535045389393,,,15.85535045389393,,HMD_FRATNP_Maddison_pop
FRA,1933,682394.0,41890000.0,16.29014084507042,2.7905600686828023,15.854217474337553,,,15.854217474337553,,HMD_FRATNP_Maddison_pop
FRA,1934,681518.0,41950000.0,16.24595947556615,2.787844230200325,15.201738259833135,,,15.201738259833135,,HMD_FRATNP_Maddison_pop
FRA,1935,643870.0,41940000.0,15.352169766332857,2.731256816899393,15.777821888412015,,,15.777821888412015,,HMD_FRATNP_Maddison_pop
FRA,1936,634344.0,41910000.0,15.135862562634216,2.7170669321040677,15.410257933667383,,,15.410257933667383,,HMD_FRATNP_Maddison_pop
FRA,1937,621453.0,41930000.0,14.821202003338898,2.6960587234169413,15.09410660624851,,,15.09410660624851,,HMD_FRATNP_Maddison_pop
FRA,1938,615582.0,41960000.0,14.670686367969495,2.6858513782430555,15.510770495710203,,,15.510770495710203,,HMD_FRATNP_Maddison_pop
FRA,1939,586726.0,41900000.0,14.003007159904536,2.6392721036856948,14.856417183770882,,,14.856417183770882,,HMD_FRATNP_Maddison_pop
FRA,1940,538756.0,41000000.0,13.140390243902438,2.575690711542586,20.78265951219512,,,20.78265951219512,,HMD_FRATNP_Maddison_pop
FRA,1941,495564.0,39600000.0,12.514242424242424,2.5268673896310148,16.731413383838383,,,16.731413383838383,,HMD_FRATNP_Maddison_pop
FRA,1942,547851.0,39400000.0,13.904847715736041,2.632237535862997,16.699467512690354,,,16.699467512690354,,HMD_FRATNP_Maddison_pop
FRA,1943,586094.0,39000000.0,15.028051282051281,2.709918540139443,17.892794871794873,,,17.892794871794873,,HMD_FRATNP_Maddison_pop
FRA,1944,603802.0,38900000.0,15.521902313624679,2.7422520789979363,22.290129562982006,,,22.290129562982006,,HMD_FRATNP_Maddison_pop
FRA,1945,625780.0,39700000.0,15.762720403022671,2.757647683938573,16.493675314861463,,,16.493675314861463,,HMD_FRATNP_Maddison_pop
FRA,1946,843904.0,40290000.0,20.945743360635394,3.0419354448475238,13.548770662695457,,,13.548770662695457,,HMD_FRATNP_Maddison_pop
FRA,1947,870472.0,40680000.0,21.39803343166175,3.0632990220883953,13.22903121927237,,,13.22903121927237,,HMD_FRATNP_Maddison_pop
FRA,1948,870836.0,41110000.0,21.183069812697642,3.053202268891438,12.483823887132084,,,12.483823887132084,,HMD_FRATNP_Maddison_pop
FRA,1949,872661.0,41480000.0,21.03811475409836,3.0463357809128326,13.82830110896818,,,13.82830110896818,,HMD_FRATNP_Maddison_pop
FRA,1950,862310.0,42518000.0,20.281057434498333,3.009687319104198,12.570674773037302,,,12.570674773037302,,HMD_FRATNP_Maddison_pop
FRA,1951,826722.0,42862000.0,19.28799402734357,2.9594828312222257,13.201179366338481,,,13.201179366338481,,HMD_FRATNP_Maddison_pop
FRA,1952,822204.0,43184000.0,19.03955168580956,2.9465184831726465,12.153363977399037,,,12.153363977399037,,HMD_FRATNP_Maddison_pop
FRA,1953,804696.0,43495000.0,18.500885159213702,2.9178185773836582,12.805679273479711,,,12.805679273479711,,HMD_FRATNP_Maddison_pop
FRA,1954,810754.0,43822000.0,18.50107252065173,2.9178287044931293,11.840903199306284,,,11.840903199306284,,HMD_FRATNP_Maddison_pop
FRA,1955,805917.0,44218000.0,18.225993939119817,2.902848813533543,11.90289180876566,,,11.90289180876566,,HMD_FRATNP_Maddison_pop
FRA,1956,806916.0,44657000.0,18.069194079315672,2.8942085036823406,12.219786371677452,,,12.219786371677452,,HMD_FRATNP_Maddison_pop
FRA,1957,816467.0,45152000.0,18.082631998582567,2.8949519195118385,11.784793586109142,,,11.784793586109142,,HMD_FRATNP_Maddison_pop
FRA,1958,812215.0,45654000.0,17.790664563893635,2.878673857016766,10.964997590572567,,,10.964997590572567,,HMD_FRATNP_Maddison_pop
FRA,1959,829249.0,46129000.0,17.97673914457283,2.889078652449618,11.036202822519455,,,11.036202822519455,,HMD_FRATNP_Maddison_pop
FRA,1960,819819.0,46584000.0,17.598724884080372,2.8678264496513344,11.18323888030225,,,11.18323888030225,,HMD_FRATNP_Maddison_pop
FRA,1961,838633.0,47128000.0,17.794792904430487,2.878905881042819,10.615536411475132,,,10.615536411475132,,HMD_FRATNP_Maddison_pop
FRA,1962,832353.0,48089000.0,17.308594481066358,2.851203168957116,11.253030838653329,,,11.253030838653329,,HMD_FRATNP_Maddison_pop
FRA,1963,868876.0,48799000.0,17.80520092624849,2.8794906014876624,11.43162769728888,,,11.43162769728888,,HMD_FRATNP_Maddison_pop
FRA,1964,877804.0,49357000.0,17.784792430658268,2.8783437342981966,10.53656016370525,,,10.53656016370525,,HMD_FRATNP_Maddison_pop
FRA,1965,865688.0,49802000.0,17.38259507650295,2.8554694226440165,10.917151921609573,,,10.917151921609573,,HMD_FRATNP_Maddison_pop
FRA,1966,863527.0,50254000.0,17.183249094599432,2.843935019431694,10.522187288574044,,,10.522187288574044,,HMD_FRATNP_Maddison_pop
FRA,1967,840568.0,50650000.0,16.595616979269497,2.8091386231050843,10.721283316880553,,,10.721283316880553,,HMD_FRATNP_Maddison_pop
FRA,1968,835796.0,51034000.0,16.377238703609358,2.795892486900945,10.844554610651723,,,10.844554610651723,,HMD_FRATNP_Maddison_pop
FRA,1969,842245.0,51470000.0,16.363804157761802,2.7950718321247106,11.139207305226346,,,11.139207305226346,,HMD_FRATNP_Maddison_pop
FRA,1970,850381.0,51918000.0,16.379309680650255,2.7960189334983925,10.444874609961863,,,10.444874609961863,,HMD_FRATNP_Maddison_pop
FRA,1971,881284.0,52432000.0,16.808132438205675,2.821862842986054,10.568946444919133,,,10.568946444919133,,HMD_FRATNP_Maddison_pop
FRA,1972,877506.0,52894000.0,16.58989677468144,2.8087938820420333,10.396264226566341,,,10.396264226566341,,HMD_FRATNP_Maddison_pop
FRA,1973,857186.0,53333000.0,16.0723379521122,2.7770996546753466,10.477227982674892,,,10.477227982674892,,HMD_FRATNP_Maddison_pop
FRA,1974,801218.0,53690000.0,14.923039672192214,2.702906305405371,10.291506798286461,,,10.291506798286461,,HMD_FRATNP_Maddison_pop
FRA,1975,745065.0,53955000.0,13.809007506255213,2.625321097080097,10.385562042442777,,,10.385562042442777,,HMD_FRATNP_Maddison_pop
FRA,1976,720395.0,54159000.0,13.30148267139349,2.5878755080665226,10.286637493306745,,,10.286637493306745,,HMD_FRATNP_Maddison_pop
FRA,1977,744744.0,54378000.0,13.695685755268675,2.6170808748654757,9.860991577476184,,,9.860991577476184,,HMD_FRATNP_Maddison_pop
FRA,1978,737062.0,54602000.0,13.498809567415114,2.602601501364809,10.016409655323981,,,10.016409655323981,,HMD_FRATNP_Maddison_pop
FRA,1979,757354.0,54836000.0,13.811255379677585,2.625483866959342,9.880461740462469,,,9.880461740462469,,HMD_FRATNP_Maddison_pop
FRA,1980,800376.0,55110000.0,14.523244420250409,2.675750429357379,9.92754491017964,,,9.92754491017964,,HMD_FRATNP_Maddison_pop
FRA,1981,805483.0,55399000.0,14.539666780988828,2.676880554441722,10.015036372497699,,,10.015036372497699,,HMD_FRATNP_Maddison_pop
FRA,1982,797223.0,55697000.0,14.313571646587787,2.661208153382238,9.75104583729824,,,9.75104583729824,,HMD_FRATNP_Maddison_pop
FRA,1983,748525.0,55929000.0,13.383486205725116,2.5940215742540773,10.006526131345097,,,10.006526131345097,,HMD_FRATNP_Maddison_pop
FRA,1984,759939.0,56246000.0,13.510987447996301,2.6035032394563187,9.644952529957685,,,9.644952529957685,,HMD_FRATNP_Maddison_pop
FRA,1985,768431.0,56490000.0,13.602956275446981,2.6102871423145078,9.780421313506816,,,9.780421313506816,,HMD_FRATNP_Maddison_pop
FRA,1986,778468.0,56725000.0,13.72354341119436,2.6191128550748233,9.641710004407228,,,9.641710004407228,,HMD_FRATNP_Maddison_pop
FRA,1987,767828.0,56989000.0,13.473266770780326,2.6007074829770267,9.25557563740371,,,9.25557563740371,,HMD_FRATNP_Maddison_pop
FRA,1988,771268.0,57255000.0,13.470753645969785,2.6005209388177692,9.162518557331238,,,9.162518557331238,,HMD_FRATNP_Maddison_pop
FRA,1989,765473.0,57821000.0,13.238667612113247,2.5831419119187795,9.153819546531537,,,9.153819546531537,,HMD_FRATNP_Maddison_pop
FRA,1990,762407.0,58168000.0,13.106983221014993,2.573145158482091,9.04622816668959,,,9.04622816668959,,HMD_FRATNP_Maddison_pop
FRA,1991,759056.0,58459560.0,12.984292047357183,2.5637403228241773,8.975178738943638,,,8.975178738943638,,HMD_FRATNP_Maddison_pop
FRA,1992,743658.0,58750120.0,12.657982656035426,2.5382880561543097,8.877088251053785,,,8.877088251053785,,HMD_FRATNP_Maddison_pop
FRA,1993,711610.0,59005730.0,12.060015188355436,2.4898954506975364,9.020530717948917,,,9.020530717948917,,HMD_FRATNP_Maddison_pop
FRA,1994,710993.0,59225400.0,12.004866155399542,2.485312080539807,8.779425719370405,,,8.779425719370405,,HMD_FRATNP_Maddison_pop
FRA,1995,729609.0,59440080.0,12.274697476854001,2.507540027906737,8.943763198165279,,,8.943763198165279,,HMD_FRATNP_Maddison_pop
FRA,1996,734338.0,59651760.0,12.31041632300539,2.510445759527438,8.981713196727137,,,8.981713196727137,,HMD_FRATNP_Maddison_pop
FRA,1997,726768.0,59864430.0,12.14023085160921,2.4965248012338503,8.858666156179888,,,8.858666156179888,,HMD_FRATNP_Maddison_pop
FRA,1998,738080.0,60085100.0,12.283910653389942,2.5082903291387364,8.887477927140006,,,8.887477927140006,,HMD_FRATNP_Maddison_pop
FRA,1999,744791.0,60395630.0,12.331869044167599,2.512186890779035,8.902316276856455,,,8.902316276856455,,HMD_FRATNP_Maddison_pop
FRA,2000,774782.0,60811000.0,12.740819917449144,2.54481100580071,8.729736396375657,,,8.729736396375657,,HMD_FRATNP_Maddison_pop
FRA,2001,770945.0,61255330.0,12.585761924717408,2.5325661690444905,8.669825140114337,,,8.669825140114337,,HMD_FRATNP_Maddison_pop
FRA,2002,761630.0,61702650.0,12.34355412611938,2.513133993711747,8.672950027267872,,,8.672950027267872,,HMD_FRATNP_Maddison_pop
FRA,2003,761464.0,62140990.0,12.253811855910245,2.5058370604978384,8.88848085619492,,,8.88848085619492,,HMD_FRATNP_Maddison_pop
FRA,2004,767816.0,62600290.0,12.265374489479203,2.5067802104264856,8.137805751379107,,,8.137805751379107,,HMD_FRATNP_Maddison_pop
FRA,2005,774355.0,63072580.0,12.277205086584376,2.507744298002109,8.363904092713506,,,8.363904092713506,,HMD_FRATNP_Maddison_pop
FRA,2006,796896.0,63512910.0,12.54699241461303,2.5294809886195595,8.130882367065215,,,8.130882367065215,,HMD_FRATNP_Maddison_pop
FRA,2007,785985.0,63906320.0,12.299018313055736,2.5095194472465407,8.152808986654216,,,8.152808986654216,,HMD_FRATNP_Maddison_pop
FRA,2008,796044.0,64263780.0,12.387133156499663,2.5166582852115216,8.280418767772453,,,8.280418767772453,,HMD_FRATNP_Maddison_pop
