year,births_ensemble,births_corse,marriages_ensemble,marriages_corse,deaths_ensemble,deaths_corse
1740,967.3,973.1,210.3,211.6,846.9,852.0
1741,985.9,991.8,197.9,199.1,957.2,962.9
1742,922.2,927.7,227.0,228.4,873.8,879.0
1743,987.5,993.4,262.4,264.0,954.8,960.5
1744,1011.2,1017.3,241.5,242.9,749.4,753.9
1745,1007.3,1013.3,217.1,218.4,696.7,700.9
1746,1000.0,1006.0,206.6,207.8,806.2,811.0
1747,948.8,954.5,201.1,202.3,1055.5,1061.8
1748,912.9,918.4,191.2,192.3,918.7,924.2
1749,964.7,970.5,210.8,212.1,826.3,831.3
1750,951.3,957.0,216.5,217.8,776.2,780.9
1751,973.8,979.6,233.9,235.2,672.8,676.8
1752,962.0,967.8,199.5,200.7,734.5,738.9
1753,1000.0,1006.0,233.4,234.8,820.0,824.9
1754,1011.7,1017.8,226.4,227.8,812.5,817.4
1755,1012.2,1018.3,234.1,235.5,733.3,737.7
1756,1084.8,1091.3,234.6,236.0,718.9,723.2
1757,1024.4,1030.5,199.2,200.4,700.8,705.0
1758,1031.7,1037.9,224.2,225.5,806.9,811.7
1759,1019.5,1025.6,211.6,212.9,891.6,896.9
1760,1003.9,1009.9,208.2,209.4,804.1,808.9
1761,1046.8,1053.1,191.4,192.5,866.9,872.1
1762,982.9,988.8,196.0,197.2,868.8,874.0
1763,997.6,1003.6,200.5,201.7,845.4,850.5
1764,998.4,1004.4,229.0,230.4,800.9,805.7
1765,1035.0,1041.2,226.2,227.6,863.1,868.3
1766,1015.4,1021.5,238.6,240.0,869.7,874.9
1767,1030.7,1036.9,233.6,235.0,915.3,920.8
1768,976.6,982.5,201.7,202.9,834.2,839.2
1769,1044.3,1050.6,230.7,232.1,701.0,705.2
1770,1002.4,1008.4,189.9,191.0,727.7,732.1
1771,973.0,978.8,174.5,175.5,813.7,818.6
1772,982.1,988.0,202.9,204.1,879.4,884.7
1773,981.7,987.6,210.5,211.8,916.2,921.7
1774,1012.1,1018.2,219.5,220.8,850.0,855.1
1775,1015.8,1021.9,219.1,220.4,877.8,883.1
1776,1007.6,1013.6,248.8,250.3,769.3,773.9
1777,1074.5,1080.9,239.4,240.8,791.6,796.3
1778,994.2,1000.2,209.9,211.2,793.0,797.8
1779,1022.1,1028.2,236.4,237.8,1070.3,1076.7
1780,1047.5,1053.8,256.0,257.5,939.0,944.6
1781,1045.3,1051.6,249.4,250.9,942.0,947.7
1782,1038.2,1044.4,225.3,226.7,1000.3,1006.3
1783,1019.9,1026.0,225.6,227.0,981.9,987.8
1784,1033.0,1039.2,244.7,246.2,921.2,926.7
1785,1070.4,1076.8,253.1,254.6,970.0,975.8
1786,1095.9,1102.5,254.2,255.7,946.2,951.9
1787,1084.0,1090.5,239.9,241.3,906.6,912.0
1788,1074.3,1080.7,231.1,232.5,907.3,912.7
1789,1046.2,1052.5,214.8,216.1,871.0,876.3
1790,1047.6,1053.9,219.0,220.3,865.9,871.1
1791,1008.0,1014.0,244.9,246.4,933.8,939.4
1792,1032.0,1038.2,251.2,252.7,960.5,966.3
1793,1017.1,1023.2,325.1,327.1,879.6,884.9
1794,1072.7,1079.1,323.1,325.0,1090.3,1096.6
1795,1025.2,1031.4,237.7,239.1,824.0,828.9
1796,1004.2,1010.2,244.3,245.8,749.3,753.8
1797,1066.0,1072.4,268.9,270.5,729.9,734.3
1798,1063.9,1070.3,NA,NA,702.2,706.4
1799,1046.9,1053.2,NA,NA,708.9,713.2
1800,997.2,1003.2,NA,NA,806.1,810.9
1801,959.6,965.4,209.5,210.8,783.4,788.1
1802,964.0,969.8,233.6,235.0,835.0,840.0
1803,946.4,952.1,206.9,208.1,969.5,975.3
1804,928.1,933.7,218.5,219.8,1011.8,1017.9
1805,968.5,974.3,227.6,229.0,815.3,820.2
1806,938.0,943.6,213.1,214.4,803.2,808.0
1807,943.9,949.6,226.8,228.2,835.3,840.3
1808,958.5,964.3,237.1,238.5,808.0,812.8
1809,974.1,979.9,268.6,270.2,765.6,770.2
1810,956.5,962.2,246.3,247.8,748.7,753.2
1811,963.8,969.6,209.4,210.7,778.9,783.6
1812,924.5,930.0,235.0,236.4,794.9,799.7
1813,983.3,989.2,411.1,413.6,855.1,860.2
1814,1055.3,1061.6,195.2,196.4,954.0,959.7
1815,1008.4,1014.5,276.4,278.1,803.5,808.3
1816,1041.1,1047.3,265.6,267.2,759.3,763.9
1817,974.7,980.5,202.1,203.3,778.4,783.1
1818,959.3,965.1,224.4,225.7,760.9,765.5
1819,1034.1,1040.3,222.5,223.8,813.4,818.3
1820,1010.1,1016.2,223.0,224.3,792.6,797.4
1821,999.1,1005.1,226.8,228.2,761.4,766.0
1822,1015.9,1022.0,236.9,238.3,804.8,809.6
1823,994.3,1000.3,269.7,271.3,758.7,763.3
1824,1022.3,1028.4,245.9,247.4,799.8,804.6
1825,1008.3,1014.3,243.4,244.9,811.3,816.2
1826,1031.1,1037.3,254.7,256.2,841.2,846.2
1827,1014.7,1020.8,264.3,265.9,817.0,821.9
1828,1002.2,1008.3,256.6,258.1,846.3,851.4
1829,1000.4,1006.4,245.1,246.6,830.1,835.1
